Protein,Mut_pdb,DDG_dir,PremPS_dir,ACDC-NN_dir,INPS3D_dir
1amqA,C191F,-1.6,-0.7,0.15538695,-2.37022
1amqA,C191S,-1.9,-1.84,-0.31017387,-1.44429
1amqA,C191W,-3.9,-1.29,0.17547786,-1.8554
1amqA,C191Y,-2.3,-0.76,0.25530607,-1.41939
1arrA,P8L,2.49,-0.13,-0.20188883,-0.5347970000000001
1bniA,F7L,-4.1,-2.99,-0.032196812,-1.07489
1bniA,I51V,-1.1,-1.51,-0.4884023,-1.43946
1bniA,I76A,-1.7,-2.25,-1.9631834,-2.63618
1bniA,I76V,-1.0,-0.58,0.21116783,-0.0476797
1bniA,I88A,-4.0,-3.4,-3.2587347,-3.33955
1bniA,I88V,-1.6,-1.22,-1.0378697,-1.50774
1bniA,I96A,-3.2,-3.38,-1.7797978,-2.73407
1bniA,I96V,-3.1,-1.04,-0.26763272,-0.7789739999999999
1bniA,L14A,-4.5,-3.81,-1.0322324,-1.85898
1bniA,L89V,-0.5,-0.54,0.20092826,-0.154432
1bniA,S91A,-2.4,-1.47,0.031786624,-0.819984
1bniA,T26A,-1.7,-1.71,-0.6056689000000001,-0.837384
1bniA,Y78F,-1.1,-1.59,-0.56079507,-1.77115
1ceyA,D12A,2.5,2.2,0.34729785,-0.452212
1ceyA,D13A,2.7,1.89,0.02746895,-0.418957
1ceyA,D57A,3.3,2.36,-0.14086813,-0.907522
1ey0A,I72L,-0.2,-0.57,-0.14086813,-0.846068
1ey0A,I72V,-1.2,-0.95,-0.14086813,0.344755
1ey0A,I92V,-0.4,-0.21,0.13436493,0.171093
1ey0A,K116G,1.0,0.35,-0.441544,-0.165231
1ey0A,L25I,-1.7,-0.94,0.16763468,-0.406185
1ey0A,P117A,0.8,-1.45,-0.17125979,-0.8380879999999999
1ey0A,P117G,0.9,-1.22,-0.31284544,-1.21725
1ey0A,P117T,1.1,-1.33,-0.057682104,-0.7379399999999999
1ey0A,S128A,0.7,0.51,0.46562397,0.8508979999999999
1ey0A,S59A,0.5,-0.06,0.1438055,-0.564682
1ey0A,T120C,-1.7,-1.32,-0.1820237,-0.801086
1ey0A,T120S,-0.6,-0.53,-0.2072724,-0.606695
1ey0A,T120V,-1.8,-1.37,-0.2047247,-0.566387
1ey0A,T22C,-0.9,-0.96,-0.53616554,-1.36173
1ey0A,T22V,-0.9,-0.66,-0.6235834,-1.22076
1ey0A,T33V,0.4,-0.21,-0.2944767,-0.603284
1ey0A,T41C,0.6,0.09,0.13881725,-0.599771
1ey0A,T41I,0.7,0.24,0.9816879,-0.934153
1ey0A,T41S,-1.1,-1.04,-0.41617972,-1.17972
1ey0A,T41V,0.8,0.3,0.6631981,-0.732102
1ey0A,T44V,0.1,-0.15,0.30080882,-0.709407
1ey0A,T62S,-2.1,-1.99,-0.7901088000000001,-1.33667
1ey0A,T62V,-0.2,-0.65,1.2295088,0.0541485
1ey0A,T82S,-0.7,-0.82,-0.32934433,-0.591883
1ey0A,V23L,-0.1,-0.32,0.24037138,-0.615362
1ey0A,V66I,-1.0,-0.09,0.27698845,-0.263091
1ey0A,V66K,-7.5,-4.21,-2.8611994,-2.72371
1ey0A,V66L,-0.3,0.82,0.3676657,-0.366411
1ihbA,F71N,0.7,-0.03,-0.5310096,-1.77053
1ihbA,F82Q,-0.4,-0.25,-0.26366293,-0.566137
1ihbA,F92N,-1.1,-0.41,-0.47632867,-1.35697
1iobA,T9G,-2.6,-2.0,-0.9037638,-2.23996
1l63A,A129F,-1.2,-0.73,-0.2628575,-1.52234
1l63A,A129W,-2.2,-1.0,-0.39060324,-2.11011
1l63A,A130S,1.0,-0.61,-0.34707665,-1.13214
1l63A,A134S,-0.1,-0.64,-0.16157913,-0.8921969999999999
1l63A,A41S,-0.6,-0.32,-0.118371904,-0.713291
1l63A,A42S,-2.3,-0.98,-0.1259225,-0.958403
1l63A,A42V,-2.7,0.68,0.32998192,-0.489551
1l63A,A49S,-0.5,-0.18,-0.11031173,-0.626304
1l63A,A73S,-0.4,-0.02,-0.08689524,-0.5575399999999999
1l63A,A82S,-0.3,-0.15,-0.14145559,-0.0374639
1l63A,A93S,-0.2,-0.09,-0.1645162999999999,-0.0416082
1l63A,A98C,-1.0,-1.56,-0.28563836,-1.63061
1l63A,A98L,-4.3,-1.11,-0.69032264,-1.05577
1l63A,A98S,-2.5,-1.45,-0.8412006999999999,-1.62421
1l63A,A98V,-3.2,-1.48,-0.47777468,-0.714194
1l63A,D20A,-0.3,0.24,-0.31148648,-0.397385
1l63A,D20N,1.3,-0.61,-0.20573696,-0.209233
1l63A,D20S,0.7,0.08,-0.19081615,-0.589272
1l63A,D47A,-1.0,-0.33,-0.12518647,-0.802385
1l63A,D72P,-2.7,-0.39,0.1811225,-0.679462
1l63A,D92N,-1.4,-0.09,0.20968556,-0.103904
1l63A,E11H,0.1,-0.72,-0.21978316,-0.445608
1l63A,E11N,-0.1,-0.79,-0.29493994,-0.891603
1l63A,F104M,-0.4,-1.31,-1.018184,-1.75046
1l63A,F153A,-3.8,-2.07,-0.86604613,-2.70554
1l63A,F153I,-0.2,0.32,0.29642925,-1.33666
1l63A,F153L,0.3,-0.63,0.19330788,-1.2604799999999998
1l63A,F153M,-0.6,-0.5,0.10597609,-1.93901
1l63A,F153V,-1.8,-0.36,-0.13996646,-1.78478
1l63A,F67A,-1.9,-2.76,-1.8605838,-2.90095
1l63A,I100A,-3.4,-1.7,-2.013488,-2.3080000000000003
1l63A,I100M,-1.6,-0.67,-0.7566965999999999,-1.43345
1l63A,I100V,-0.4,-0.3,0.06817869,0.256455
1l63A,I17A,-2.7,-1.32,-0.024036642,-0.7283430000000001
1l63A,I27A,-3.1,-2.79,-2.909259,-3.4589300000000005
1l63A,I27M,-3.1,-1.76,-1.0956805,-2.50296
1l63A,I29A,-2.6,-2.15,-2.2147524,-2.51848
1l63A,I50A,-2.0,-1.59,-0.62145436,-1.4979
1l63A,I50M,-0.4,-0.81,0.14385116,-0.8066840000000001
1l63A,I58A,-3.2,-2.27,-2.089662,-3.05966
1l63A,I58T,-3.4,-2.05,-1.9344113,-2.72425
1l63A,I78A,-1.2,-2.15,-2.0179374,-2.54394
1l63A,I78M,-1.5,-0.68,-0.66916347,-1.43857
1l63A,I78V,-0.8,-0.83,0.09646311,0.0419694
1l63A,K43A,-1.0,-0.83,-0.17018963,-0.8433889999999999
1l63A,L118A,-3.2,-2.37,-1.6000471,-2.13861
1l63A,L118M,-0.7,-0.79,-0.40066898,-0.8492770000000001
1l63A,L121M,-0.8,-0.13,-0.5200492,-1.16526
1l63A,L133F,-0.3,-0.47,0.12910147,-0.922873
1l63A,L133M,-0.4,-0.07,-0.2884605,-0.458419
1l63A,L46A,-1.9,-2.39,-0.9084573,-2.00664
1l63A,L66M,-1.0,-0.44,-0.3581028,-0.8385440000000001
1l63A,L84A,-2.6,-2.36,-1.0317534,-1.93073
1l63A,L84M,-1.9,-1.03,-0.1656918999999999,-0.7901279999999999
1l63A,L91A,-3.9,-2.05,-2.1403828,-2.50866
1l63A,L91M,-0.8,-0.63,-0.4980073,-0.766898
1l63A,L99A,-4.5,-2.78,-2.6224685,-3.12974
1l63A,L99F,-0.3,-1.69,-0.7956914,-1.83544
1l63A,L99I,-1.5,-0.81,-0.33763415,-1.39937
1l63A,L99M,-0.6,-0.63,-0.80173355,-1.48046
1l63A,L99V,-2.0,-1.3,-0.8707646000000001,-1.86152
1l63A,M102L,-1.0,-1.21,0.2242114,-0.290195
1l63A,M106I,0.2,-0.66,0.57726264,-0.712476
1l63A,M106K,-3.4,-1.51,-1.3357456,-1.15976
1l63A,M106L,0.5,-0.47,0.2623343,-0.5115770000000001
1l63A,M120K,-1.6,-1.27,-0.62082356,-0.906174
1l63A,M120L,0.5,-0.23,-0.14295499,-0.255725
1l63A,M120Y,-0.1,-0.5,-0.10824126,-0.668496
1l63A,M6A,-1.9,-2.23,-1.0498188,-1.99047
1l63A,M6L,-2.8,-0.98,0.2584416,-0.130616
1l63A,N101A,-1.5,-1.75,-0.21574664,-0.296036
1l63A,N144E,0.5,-0.07,0.15381613,-0.0558134
1l63A,Q105M,-1.2,-0.06,0.23747438,-0.278521
1l63A,S117F,1.1,0.78,1.240328,1.72409
1l63A,S38N,0.0,-0.25,-0.034697816,-0.1496809999999999
1l63A,S44A,0.3,-0.06,0.0635612,0.245952
1l63A,S44E,0.0,-0.36,0.14268208,-0.0418738
1l63A,S44F,0.1,0.2,-0.12978274,0.103758
1l63A,S44G,-0.5,-0.41,0.13588479,-0.357398
1l63A,S44I,0.3,0.38,0.31711584,0.25834
1l63A,S44K,0.2,-0.07,0.17511937,-0.022866
1l63A,S44L,0.4,0.3,0.14028674,0.179475
1l63A,S44N,-0.1,-0.16,0.030054882,0.0685437
1l63A,S44P,-3.0,-0.32,0.15361694,-0.405971
1l63A,S44R,0.2,-0.07,0.18390301,-0.0830936
1l63A,S44T,0.0,-0.12,0.16464321,0.0565755
1l63A,S44V,0.1,0.0,0.110023364,0.201947
1l63A,T109D,0.6,-0.16,-0.26878732,0.201078
1l63A,T109N,0.1,-0.21,-0.2559352,0.207623
1l63A,T152A,-1.5,-1.23,-0.23436612,-0.844728
1l63A,T152C,-0.5,-1.09,0.14457552,-0.586267
1l63A,T152I,-0.4,1.22,0.7392675999999999,-0.118911
1l63A,T152S,-2.0,-1.66,-0.25841784,-0.928692
1l63A,T152V,0.2,0.63,0.37582797,-0.0994537
1l63A,T59A,-1.5,-0.91,-0.79394317,-0.903969
1l63A,T59D,-1.2,-0.95,-0.903306,-0.878408
1l63A,T59G,-1.6,-1.03,-1.186765,-1.55538
1l63A,T59N,-1.1,-0.85,-0.6744640000000001,-0.6880350000000001
1l63A,T59S,-0.2,-0.27,-0.5116452,-0.724533
1l63A,T59V,-1.5,-0.62,-0.42186,-0.306021
1l63A,V103A,-2.2,-0.85,-0.88801765,-1.10325
1l63A,V103I,-0.5,-0.42,-0.1491391,-0.404675
1l63A,V103M,-1.2,-0.54,-0.41232854,-1.18612
1l63A,V111A,-1.3,-1.88,-1.0947527,-1.66975
1l63A,V111I,-0.9,-0.11,0.32654923,-0.35931
1l63A,V111M,-0.7,-0.82,0.114246525,-0.889443
1l63A,V149A,-3.2,-2.14,-0.9511672,-1.36045
1l63A,V149C,-2.0,-1.96,-0.28566885,-1.47886
1l63A,V149G,-4.9,-2.94,-2.2257872000000005,-2.4859
1l63A,V149I,-0.1,-0.62,0.34908026,-0.32777
1l63A,V149M,-2.8,-1.12,0.15723935,-0.877332
1l63A,V149S,-4.4,-2.71,-1.3984873,-2.0832
1l63A,V149T,-2.8,-1.88,-0.9066949,-1.19499
1l63A,V75T,-1.3,-0.37,-0.6110488000000001,-1.13
1l63A,V87A,-1.7,-1.35,-0.7634270000000001,-1.52293
1l63A,V87I,-0.3,-0.55,0.056979008,-0.427591
1l63A,V87M,-2.3,-1.16,-0.16405603,-1.3957700000000002
1l63A,V87T,-1.6,-1.16,-0.8067595999999999,-1.49413
1lz1A,A47P,0.1,0.09,0.18010008,0.113866
1lz1A,C77A,-4.6,-3.21,-2.656129,-2.05962
1lz1A,D91P,-0.4,-0.07,-0.26558176,-0.5305989999999999
1lz1A,I106A,-0.9,-1.57,-1.7195528000000002,-2.45033
1lz1A,I106V,-0.7,-0.7,-0.34079188,-0.495451
1lz1A,I23A,-2.5,-2.32,-1.1573853,-1.98881
1lz1A,I23V,-0.4,-0.37,-0.0133426525,-0.377617
1lz1A,I56A,-3.7,-3.68,-2.8986988,-3.03623
1lz1A,I56T,-4.3,-3.69,-2.8413447999999994,-2.74873
1lz1A,I56V,-1.2,-1.1,-1.0178131,-1.23369
1lz1A,I59A,-1.7,-2.14,-3.376647,-3.2464
1lz1A,I59G,-3.8,-3.51,-4.9470654000000005,-4.33462
1lz1A,I59V,-1.1,-0.97,-1.0815817,-1.42684
1lz1A,I89A,-2.7,-2.43,-2.5811956,-2.90605
1lz1A,I89V,-0.5,-0.52,-0.92458045,-1.17292
1lz1A,P103G,-0.1,-0.53,-0.28809464,-0.108796
1lz1A,P71G,-1.6,-0.67,-0.2877571,-1.1312799999999998
1lz1A,V100A,-0.3,-0.94,-1.4040034,-2.2751200000000003
1lz1A,V110A,0.5,0.18,-0.27808,-0.8158489999999999
1lz1A,V110D,0.2,0.02,-0.3064822,-0.328026
1lz1A,V110F,-1.9,-0.12,-0.3138106,-0.681773
1lz1A,V110G,-2.2,-0.19,-0.9791062,-1.4545
1lz1A,V110I,-0.8,0.44,-0.12620725,-0.387124
1lz1A,V110L,0.1,-0.01,-0.1863937,-0.500467
1lz1A,V110M,0.4,0.19,-0.11655906,-0.56321
1lz1A,V110N,0.1,0.06,-0.2834065999999999,-0.503107
1lz1A,V110P,0.5,-0.12,-0.3988245,-0.373331
1lz1A,V110R,0.9,0.29,-0.096091226,-0.192618
1lz1A,V110Y,-0.1,-0.13,-0.123273216,0.0406267
1lz1A,V121A,-1.4,-1.37,-0.49998215,-1.1564299999999998
1lz1A,V125A,-1.3,-1.3,-0.8382071,-1.09172
1lz1A,V130A,-0.8,-0.85,-0.40127417,-0.7199949999999999
1lz1A,V2A,-1.5,-1.21,-0.4516474,-0.7752979999999999
1lz1A,V2D,-1.4,-1.37,-0.55791926,-0.57426
1lz1A,V2F,-0.8,-0.55,-0.31733575,-0.5622590000000001
1lz1A,V2G,-1.3,-1.74,-1.1651639,-1.24261
1lz1A,V2I,1.1,0.73,0.33146942,0.450755
1lz1A,V2L,0.3,-0.11,-0.16044457,-0.186574
1lz1A,V2M,-0.2,-0.17,-0.15506583,-0.255155
1lz1A,V2N,-1.3,-1.34,-0.5322041999999999,-0.615875
1lz1A,V2R,-0.4,-0.51,-0.24099438,-0.1381359999999999
1lz1A,V2S,-1.4,-1.28,-0.5023812,-0.93953
1lz1A,V2Y,-0.4,-0.5,-0.31131887,-0.276233
1lz1A,V74A,-0.4,-0.33,0.108888246,-0.276065
1lz1A,V74D,-0.4,-0.43,-0.12496965,-0.173049
1lz1A,V74F,0.0,-0.17,0.020865083,-0.385012
1lz1A,V74G,-0.1,-0.36,0.2654515999999999,-0.431071
1lz1A,V74I,-1.9,0.4,-0.030690726,0.147663
1lz1A,V74L,-0.4,0.13,-0.070738114,-0.235385
1lz1A,V74M,-0.4,0.35,0.1620936,-0.135304
1lz1A,V74N,-0.3,-0.38,-0.12912208,-0.240561
1lz1A,V74R,-0.1,-0.2,0.21488106,0.288614
1lz1A,V74S,-0.4,-0.31,0.004222013,-0.467272
1lz1A,V74Y,-0.3,-0.14,0.18621334,0.157032
1lz1A,V93A,-0.7,-0.86,-1.5845928,-1.85612
1lz1A,V99A,-1.0,-0.97,-1.8297994,-2.18541
1lz1A,Y124F,-0.4,-0.54,-0.25534195,-0.712136
1lz1A,Y20F,-0.5,-0.39,0.14635201,-0.632437
1lz1A,Y38F,-0.2,-0.15,0.28452063,-0.341857
1lz1A,Y45F,0.1,-0.01,-0.24837618,-0.171301
1lz1A,Y54F,-1.0,-0.86,-0.57168245,-1.17449
1lz1A,Y63F,-0.2,-0.23,-0.22297256,-0.0592738
1n0jA,I58T,-2.7,-1.11,-0.98198426,-1.03912
1oh0A,Y32F,0.2,-0.32,0.30540562,-0.629821
1oh0A,Y57F,-1.2,-0.9,0.21257198,-0.308672
1rn1C,Q25K,1.4,0.49,0.1382012,-0.21606
1vqbA,I47L,-0.4,-0.0,-0.22434518,-0.917785
1vqbA,I47M,-1.7,-0.75,-0.6927196999999999,-1.89201
1vqbA,I47V,-2.0,-0.25,-0.3799016,-0.45774
1vqbA,V35I,-0.6,0.27,-0.1028392,-0.38603
1vqbA,Y41F,-3.2,0.01,0.2919694,0.198776
2lzmA,A82P,0.8,-0.23,0.13917652,-0.0712496
2lzmA,A98V,-4.9,-2.74,-0.47424236,-0.73085
2lzmA,D89A,-0.5,-0.43,0.2145549,-0.15439
2lzmA,G113A,0.3,-0.13,-0.2694709,-0.303491
2lzmA,G156D,-2.3,-2.44,-0.38628912,-0.960947
2lzmA,G77A,0.4,-0.14,0.6568786,0.354287
2lzmA,I3C,0.0,-0.95,-0.39861172,-1.22434
2lzmA,I3L,0.7,0.18,0.13656151,-0.331243
2lzmA,I3P,-3.0,-1.98,-2.092176,-2.55344
2lzmA,I3V,-0.4,-0.64,-0.29996878,-0.198003
2lzmA,I3Y,-2.3,-2.04,-0.2901353,-1.20774
2lzmA,K124G,-0.1,-0.09,0.65764284,-0.0449537
2lzmA,K135E,-1.0,-0.47,-0.14927876,-0.175108
2lzmA,K147E,-0.7,-0.49,-0.14403324,-0.41321
2lzmA,K16E,0.5,-0.13,-0.14206295,-0.47325
2lzmA,K60P,0.0,-0.31,-0.15119344,-1.01771
2lzmA,K85A,-0.6,-0.29,-0.12817578,-0.196292
2lzmA,L133A,-4.2,-2.96,-2.0010138,-2.55594
2lzmA,M6I,-1.4,-2.42,-0.16222054,-0.77291
2lzmA,N116D,0.6,-0.06,-0.25640517,-0.287952
2lzmA,N144D,0.4,0.17,-0.04747676,-0.0640314
2lzmA,N55G,-0.6,-0.39,0.48058492,-0.0260822
2lzmA,Q105A,-0.6,-0.96,-0.35335922,-0.808812
2lzmA,Q105E,-1.1,-1.09,-0.08634943,-0.898114
2lzmA,Q105G,-1.5,-1.59,-0.7790060999999999,-1.11339
2lzmA,Q123E,0.4,-0.03,-0.13335109,-0.0248821
2lzmA,R119E,0.0,-0.25,-0.36397856,-0.614648
2lzmA,R154E,-1.1,-0.62,-0.24998313,-0.913724
2lzmA,R96A,-2.0,-1.73,-0.6658672,-0.611661
2lzmA,R96D,-3.5,-1.64,-1.1127784,-1.30261
2lzmA,R96E,-2.5,-1.02,-0.7265434000000001,-1.14098
2lzmA,R96G,-2.6,-2.03,-1.7621981,-1.27312
2lzmA,R96H,-3.1,-2.2,-0.31011993,-0.7578050000000001
2lzmA,R96K,0.0,-0.37,-0.6036756,-1.0109
2lzmA,R96M,-2.7,-0.78,-0.11691619,-0.286864
2lzmA,R96N,-3.0,-1.85,-0.777403,-1.10962
2lzmA,R96Q,-0.3,-0.4,-0.41570956,-0.7319869999999999
2lzmA,R96S,-2.6,-1.94,-0.995921,-1.16074
2lzmA,R96V,-2.4,-0.96,-0.27373385,-0.0020285
2lzmA,R96W,-4.5,-1.09,0.32966274,-0.122649
2lzmA,R96Y,-4.7,-0.41,0.47149926,0.146328
2lzmA,S38D,0.6,0.07,-0.122682706,-0.293422
2lzmA,T115E,0.3,-0.18,-0.27638197,-0.390109
2lzmA,T152S,-2.6,-2.06,-0.27059755,-0.928692
2lzmA,T157A,-0.5,-1.0,-0.21150763,-0.583549
2lzmA,T157C,-1.3,-1.39,-0.1417321,-0.38243
2lzmA,T157D,-1.1,-1.47,-0.11822828,-0.6380239999999999
2lzmA,T157E,-0.8,-1.36,-0.07135703,-0.575773
2lzmA,T157F,-2.4,-2.13,-0.24140514,-0.163327
2lzmA,T157G,-1.1,-1.13,-0.37039676,-1.02271
2lzmA,T157H,-2.1,-1.55,-0.32472026,-0.445168
2lzmA,T157I,-1.5,-1.54,-0.19732308,-0.222037
2lzmA,T157L,-1.7,-1.49,-0.17384425,-0.264614
2lzmA,T157N,-1.2,-0.52,-0.15679373,-0.480631
2lzmA,T157R,0.3,-0.89,0.24593854,-0.120611
2lzmA,T157S,-0.7,-0.83,-0.16323464,-0.581693
2lzmA,T157V,-1.2,-1.34,-0.18141559,-0.228629
2lzmA,V131A,0.3,0.07,0.2314017,0.6176649999999999
2lzmA,V131D,0.1,-0.01,-0.13386735,0.837242
2lzmA,V131E,0.2,0.08,-0.033330586,0.814156
2lzmA,V131G,-0.7,-0.6,-0.8354665000000001,-1.00068
2lzmA,V131I,0.2,0.16,-0.092051476,0.409115
2lzmA,V131L,0.1,-0.02,-0.17066327,-0.000305094
2lzmA,V131M,0.1,0.05,-0.044746306,-0.0322073
2lzmA,V131S,-0.1,-0.11,-0.17871973,-0.00427934
2lzmA,V149C,-2.2,-2.24,-0.22318524,-1.47886
2rn2A,A52F,-0.5,-0.9,0.8982145,-0.362426
2rn2A,A52I,1.9,0.99,2.2831209,0.965317
2rn2A,A52L,1.3,0.34,1.6422896,0.475445
2rn2A,A52V,1.7,0.95,1.4611973,0.5455260000000001
2rn2A,D10N,0.9,0.78,-0.22098668,-0.978046
2rn2A,D134A,2.1,1.1,-0.34617665,-0.151495
2rn2A,D134H,2.3,1.0,-0.12127811,-0.255526
2rn2A,D134N,1.0,0.78,-0.19827588,-0.142006
2rn2A,D70N,0.9,0.42,-0.24119933,-0.046299
2rn2A,E48Q,0.2,-0.24,-0.16522944,-0.681846
2rn2A,G77A,-0.9,-0.5,0.72497845,0.299846
2rn2A,H62A,0.4,0.28,0.12781298,-0.299034
2rn2A,H62P,1.1,-0.11,0.15364757,-0.321266
2rn2A,K95A,0.1,0.01,-0.1573999,-0.228265
2rn2A,K95G,1.9,0.91,0.25257006,-0.243305
2rn2A,K95N,0.9,0.66,-0.1462206,-0.34586
2rn2A,V74I,0.6,0.29,-0.102452524,-0.799858
2rn2A,V74L,1.0,0.39,-0.15668383,-1.02249
3zcfA,G41S,-3.9,-0.9,-0.18990837,-0.961069
3zcfA,Y48H,-5.56,-1.82,-0.4216235,-1.44299
4bvmA,F57A,-1.91,-1.92,-0.78363645,-2.11693
4bvmA,I42N,-7.63,-2.99,-3.2328342999999995,-3.52892
4bvmA,I51T,-5.17,-2.62,-2.3870502,-2.93114
4bvmA,P38G,-5.38,-1.81,-0.6457958,-1.74693
4bvmA,T50P,-1.51,-1.09,-0.8080255999999999,-1.76509
4lyzA,G102A,-1.2,0.08,0.29582956,-0.0199211
4lyzA,G117A,-0.8,-1.27,-0.38120613,-0.495405
4lyzA,G49A,-0.7,-1.32,-0.5408765,-1.08307
4lyzA,G67A,-0.5,-1.04,-0.28050184,-0.320488
4lyzA,G71A,-2.1,-0.35,-0.23191157,-0.934755
4lyzA,I55V,-0.9,-0.9,-1.0361646,-1.18064
4lyzA,I58M,-1.2,-1.33,-1.443476,-2.30252
4lyzA,I78M,-0.9,-0.7,-0.34453622,-0.748522
4lyzA,I98M,-0.9,-0.93,-1.1530341999999998,-1.3972
4lyzA,M12F,0.5,-0.03,-0.16080943,-0.739305
4lyzA,M12L,-0.4,0.05,0.91310024,0.289381
4lyzA,S91A,-0.2,0.03,-0.14438055,0.0612118
4lyzA,S91T,1.0,0.4,0.29736656,-0.281146
4lyzA,T40S,-0.3,-0.87,-0.9306245,-1.4967
5ptiA,F22A,-1.2,-1.54,-1.8024396,-2.39372
5ptiA,F45A,-6.9,-2.97,-3.4397805,-3.33344
5ptiA,N43G,-5.7,-2.83,-1.7855717,-1.55626
5ptiA,Y23A,-5.9,-3.76,-3.1078408,-3.04825
5ptiA,Y35G,-5.0,-4.38,-3.815977,-3.60702
