Record Length,2.500000e+03,,   0.000020100000,  -0.00020,
Sample Interval,4.000000e-09,,   0.000020104000,  -0.00020,
Trigger Point,-5.025000000000e+03,,   0.000020108000,  -0.00020,
,,,   0.000020112000,  -0.00040,
,,,   0.000020116000,  -0.00040,
,,,   0.000020120000,  -0.00040,
Source,CH1,,   0.000020124000,  -0.00040,
Vertical Units,V,,   0.000020128000,  -0.00040,
Vertical Scale,5.000000e-03,,   0.000020132000,  -0.00040,
Vertical Offset,2.000000e-04,,   0.000020136000,  -0.00020,
Horizontal Units,s,,   0.000020140000,  -0.00020,
Horizontal Scale,1.000000e-06,,   0.000020144000,  -0.00020,
Pt Fmt,Y,,   0.000020148000,  -0.00020,
Yzero,0.000000e+00,,   0.000020152000,  -0.00040,
Probe Atten,1.000000e+00,,   0.000020156000,  -0.00020,
Model Number,TDS1001B,,   0.000020160000,  -0.00040,
Serial Number,C101392,,   0.000020164000,  -0.00020,
Firmware Version,FV:v22.11,,   0.000020168000,  -0.00020,
,,,0.000020172000,  -0.00040,
,,,0.000020176000,  -0.00040,
,,,0.000020180000,  -0.00020,
,,,0.000020184000,  -0.00020,
,,,0.000020188000,  -0.00020,
,,,0.000020192000,  -0.00020,
,,,0.000020196000,  -0.00020,
,,,0.000020200000,  -0.00020,
,,,0.000020204000,  -0.00020,
,,,0.000020208000,  -0.00020,
,,,0.000020212000,  -0.00040,
,,,0.000020216000,  -0.00040,
,,,0.000020220000,  -0.00040,
,,,0.000020224000,  -0.00020,
,,,0.000020228000,  -0.00040,
,,,0.000020232000,  -0.00040,
,,,0.000020236000,  -0.00040,
,,,0.000020240000,  -0.00020,
,,,0.000020244000,  -0.00020,
,,,0.000020248000,  -0.00020,
,,,0.000020252000,  -0.00020,
,,,0.000020256000,  -0.00020,
,,,0.000020260000,  -0.00040,
,,,0.000020264000,  -0.00040,
,,,0.000020268000,  -0.00040,
,,,0.000020272000,  -0.00020,
,,,0.000020276000,  -0.00020,
,,,0.000020280000,  -0.00020,
,,,0.000020284000,  -0.00040,
,,,0.000020288000,  -0.00040,
,,,0.000020292000,  -0.00040,
,,,0.000020296000,  -0.00040,
,,,0.000020300000,  -0.00040,
,,,0.000020304000,  -0.00020,
,,,0.000020308000,  -0.00020,
,,,0.000020312000,  -0.00020,
,,,0.000020316000,  -0.00020,
,,,0.000020320000,  -0.00020,
,,,0.000020324000,  -0.00020,
,,,0.000020328000,  -0.00040,
,,,0.000020332000,  -0.00040,
,,,0.000020336000,  -0.00040,
,,,0.000020340000,  -0.00020,
,,,0.000020344000,  -0.00040,
,,,0.000020348000,  -0.00020,
,,,0.000020352000,  -0.00040,
,,,0.000020356000,  -0.00040,
,,,0.000020360000,  -0.00040,
,,,0.000020364000,  -0.00040,
,,,0.000020368000,  -0.00040,
,,,0.000020372000,  -0.00040,
,,,0.000020376000,  -0.00040,
,,,0.000020380000,  -0.00040,
,,,0.000020384000,  -0.00040,
,,,0.000020388000,  -0.00040,
,,,0.000020392000,  -0.00040,
,,,0.000020396000,  -0.00040,
,,,0.000020400000,  -0.00040,
,,,0.000020404000,  -0.00040,
,,,0.000020408000,  -0.00040,
,,,0.000020412000,  -0.00040,
,,,0.000020416000,  -0.00020,
,,,0.000020420000,  -0.00040,
,,,0.000020424000,  -0.00040,
,,,0.000020428000,  -0.00040,
,,,0.000020432000,  -0.00040,
,,,0.000020436000,  -0.00040,
,,,0.000020440000,  -0.00040,
,,,0.000020444000,  -0.00040,
,,,0.000020448000,  -0.00040,
,,,0.000020452000,  -0.00040,
,,,0.000020456000,  -0.00040,
,,,0.000020460000,  -0.00040,
,,,0.000020464000,  -0.00040,
,,,0.000020468000,  -0.00040,
,,,0.000020472000,  -0.00040,
,,,0.000020476000,  -0.00040,
,,,0.000020480000,  -0.00020,
,,,0.000020484000,  -0.00040,
,,,0.000020488000,  -0.00040,
,,,0.000020492000,  -0.00040,
,,,0.000020496000,  -0.00040,
,,,0.000020500000,  -0.00020,
,,,0.000020504000,  -0.00040,
,,,0.000020508000,  -0.00020,
,,,0.000020512000,  -0.00040,
,,,0.000020516000,  -0.00040,
,,,0.000020520000,  -0.00020,
,,,0.000020524000,  -0.00040,
,,,0.000020528000,  -0.00040,
,,,0.000020532000,  -0.00020,
,,,0.000020536000,  -0.00020,
,,,0.000020540000,  -0.00040,
,,,0.000020544000,  -0.00040,
,,,0.000020548000,  -0.00040,
,,,0.000020552000,  -0.00040,
,,,0.000020556000,  -0.00040,
,,,0.000020560000,  -0.00040,
,,,0.000020564000,  -0.00040,
,,,0.000020568000,  -0.00040,
,,,0.000020572000,  -0.00020,
,,,0.000020576000,  -0.00020,
,,,0.000020580000,  -0.00020,
,,,0.000020584000,  -0.00040,
,,,0.000020588000,  -0.00040,
,,,0.000020592000,  -0.00040,
,,,0.000020596000,  -0.00040,
,,,0.000020600000,  -0.00020,
,,,0.000020604000,  -0.00020,
,,,0.000020608000,  -0.00020,
,,,0.000020612000,  -0.00040,
,,,0.000020616000,  -0.00040,
,,,0.000020620000,  -0.00040,
,,,0.000020624000,  -0.00040,
,,,0.000020628000,  -0.00040,
,,,0.000020632000,  -0.00040,
,,,0.000020636000,  -0.00020,
,,,0.000020640000,  -0.00020,
,,,0.000020644000,  -0.00040,
,,,0.000020648000,  -0.00040,
,,,0.000020652000,  -0.00040,
,,,0.000020656000,  -0.00040,
,,,0.000020660000,  -0.00040,
,,,0.000020664000,  -0.00020,
,,,0.000020668000,  -0.00040,
,,,0.000020672000,  -0.00040,
,,,0.000020676000,  -0.00040,
,,,0.000020680000,  -0.00040,
,,,0.000020684000,  -0.00040,
,,,0.000020688000,  -0.00040,
,,,0.000020692000,  -0.00040,
,,,0.000020696000,  -0.00020,
,,,0.000020700000,  -0.00020,
,,,0.000020704000,  -0.00040,
,,,0.000020708000,  -0.00040,
,,,0.000020712000,  -0.00040,
,,,0.000020716000,  -0.00020,
,,,0.000020720000,  -0.00040,
,,,0.000020724000,  -0.00040,
,,,0.000020728000,  -0.00040,
,,,0.000020732000,  -0.00040,
,,,0.000020736000,  -0.00040,
,,,0.000020740000,  -0.00040,
,,,0.000020744000,  -0.00040,
,,,0.000020748000,  -0.00040,
,,,0.000020752000,  -0.00040,
,,,0.000020756000,  -0.00040,
,,,0.000020760000,  -0.00040,
,,,0.000020764000,  -0.00040,
,,,0.000020768000,  -0.00020,
,,,0.000020772000,  -0.00020,
,,,0.000020776000,  -0.00020,
,,,0.000020780000,  -0.00040,
,,,0.000020784000,  -0.00020,
,,,0.000020788000,  -0.00040,
,,,0.000020792000,  -0.00040,
,,,0.000020796000,  -0.00040,
,,,0.000020800000,  -0.00040,
,,,0.000020804000,  -0.00040,
,,,0.000020808000,  -0.00020,
,,,0.000020812000,  -0.00020,
,,,0.000020816000,  -0.00040,
,,,0.000020820000,  -0.00040,
,,,0.000020824000,  -0.00040,
,,,0.000020828000,  -0.00040,
,,,0.000020832000,  -0.00040,
,,,0.000020836000,  -0.00040,
,,,0.000020840000,  -0.00040,
,,,0.000020844000,  -0.00040,
,,,0.000020848000,  -0.00040,
,,,0.000020852000,  -0.00040,
,,,0.000020856000,  -0.00040,
,,,0.000020860000,  -0.00040,
,,,0.000020864000,  -0.00040,
,,,0.000020868000,  -0.00040,
,,,0.000020872000,  -0.00040,
,,,0.000020876000,  -0.00020,
,,,0.000020880000,  -0.00020,
,,,0.000020884000,  -0.00020,
,,,0.000020888000,  -0.00040,
,,,0.000020892000,  -0.00040,
,,,0.000020896000,  -0.00040,
,,,0.000020900000,  -0.00040,
,,,0.000020904000,  -0.00040,
,,,0.000020908000,  -0.00040,
,,,0.000020912000,  -0.00040,
,,,0.000020916000,  -0.00040,
,,,0.000020920000,  -0.00020,
,,,0.000020924000,  -0.00040,
,,,0.000020928000,  -0.00040,
,,,0.000020932000,  -0.00040,
,,,0.000020936000,  -0.00040,
,,,0.000020940000,  -0.00020,
,,,0.000020944000,  -0.00040,
,,,0.000020948000,  -0.00040,
,,,0.000020952000,  -0.00040,
,,,0.000020956000,  -0.00040,
,,,0.000020960000,  -0.00020,
,,,0.000020964000,  -0.00040,
,,,0.000020968000,  -0.00040,
,,,0.000020972000,  -0.00040,
,,,0.000020976000,  -0.00040,
,,,0.000020980000,  -0.00040,
,,,0.000020984000,  -0.00040,
,,,0.000020988000,  -0.00040,
,,,0.000020992000,  -0.00040,
,,,0.000020996000,  -0.00040,
,,,0.000021000000,  -0.00020,
,,,0.000021004000,  -0.00040,
,,,0.000021008000,  -0.00040,
,,,0.000021012000,  -0.00040,
,,,0.000021016000,  -0.00040,
,,,0.000021020000,  -0.00040,
,,,0.000021024000,  -0.00040,
,,,0.000021028000,  -0.00040,
,,,0.000021032000,  -0.00020,
,,,0.000021036000,  -0.00040,
,,,0.000021040000,  -0.00040,
,,,0.000021044000,  -0.00040,
,,,0.000021048000,  -0.00040,
,,,0.000021052000,  -0.00040,
,,,0.000021056000,  -0.00040,
,,,0.000021060000,  -0.00040,
,,,0.000021064000,  -0.00040,
,,,0.000021068000,  -0.00040,
,,,0.000021072000,  -0.00040,
,,,0.000021076000,  -0.00020,
,,,0.000021080000,  -0.00040,
,,,0.000021084000,  -0.00040,
,,,0.000021088000,  -0.00040,
,,,0.000021092000,  -0.00040,
,,,0.000021096000,  -0.00040,
,,,0.000021100000,  -0.00040,
,,,0.000021104000,  -0.00040,
,,,0.000021108000,  -0.00040,
,,,0.000021112000,  -0.00020,
,,,0.000021116000,  -0.00040,
,,,0.000021120000,  -0.00040,
,,,0.000021124000,  -0.00040,
,,,0.000021128000,  -0.00020,
,,,0.000021132000,  -0.00040,
,,,0.000021136000,  -0.00040,
,,,0.000021140000,  -0.00040,
,,,0.000021144000,  -0.00040,
,,,0.000021148000,  -0.00020,
,,,0.000021152000,  -0.00040,
,,,0.000021156000,  -0.00040,
,,,0.000021160000,  -0.00040,
,,,0.000021164000,  -0.00040,
,,,0.000021168000,  -0.00020,
,,,0.000021172000,  -0.00020,
,,,0.000021176000,  -0.00020,
,,,0.000021180000,  -0.00040,
,,,0.000021184000,  -0.00040,
,,,0.000021188000,  -0.00020,
,,,0.000021192000,  -0.00040,
,,,0.000021196000,  -0.00040,
,,,0.000021200000,  -0.00040,
,,,0.000021204000,  -0.00040,
,,,0.000021208000,  -0.00040,
,,,0.000021212000,  -0.00040,
,,,0.000021216000,  -0.00040,
,,,0.000021220000,  -0.00040,
,,,0.000021224000,  -0.00040,
,,,0.000021228000,  -0.00040,
,,,0.000021232000,  -0.00040,
,,,0.000021236000,  -0.00040,
,,,0.000021240000,  -0.00040,
,,,0.000021244000,  -0.00040,
,,,0.000021248000,  -0.00040,
,,,0.000021252000,  -0.00040,
,,,0.000021256000,  -0.00040,
,,,0.000021260000,  -0.00040,
,,,0.000021264000,  -0.00040,
,,,0.000021268000,  -0.00020,
,,,0.000021272000,  -0.00020,
,,,0.000021276000,  -0.00040,
,,,0.000021280000,  -0.00040,
,,,0.000021284000,  -0.00020,
,,,0.000021288000,  -0.00040,
,,,0.000021292000,  -0.00040,
,,,0.000021296000,  -0.00040,
,,,0.000021300000,  -0.00040,
,,,0.000021304000,  -0.00040,
,,,0.000021308000,  -0.00040,
,,,0.000021312000,  -0.00040,
,,,0.000021316000,  -0.00020,
,,,0.000021320000,  -0.00020,
,,,0.000021324000,  -0.00020,
,,,0.000021328000,  -0.00020,
,,,0.000021332000,  -0.00040,
,,,0.000021336000,  -0.00040,
,,,0.000021340000,  -0.00040,
,,,0.000021344000,  -0.00040,
,,,0.000021348000,  -0.00040,
,,,0.000021352000,  -0.00040,
,,,0.000021356000,  -0.00020,
,,,0.000021360000,  -0.00040,
,,,0.000021364000,  -0.00040,
,,,0.000021368000,  -0.00040,
,,,0.000021372000,  -0.00040,
,,,0.000021376000,  -0.00040,
,,,0.000021380000,  -0.00040,
,,,0.000021384000,  -0.00040,
,,,0.000021388000,  -0.00040,
,,,0.000021392000,  -0.00020,
,,,0.000021396000,  -0.00040,
,,,0.000021400000,  -0.00020,
,,,0.000021404000,  -0.00040,
,,,0.000021408000,  -0.00020,
,,,0.000021412000,  -0.00020,
,,,0.000021416000,  -0.00040,
,,,0.000021420000,  -0.00040,
,,,0.000021424000,  -0.00040,
,,,0.000021428000,  -0.00040,
,,,0.000021432000,  -0.00040,
,,,0.000021436000,  -0.00040,
,,,0.000021440000,  -0.00040,
,,,0.000021444000,  -0.00040,
,,,0.000021448000,  -0.00040,
,,,0.000021452000,  -0.00040,
,,,0.000021456000,  -0.00040,
,,,0.000021460000,  -0.00040,
,,,0.000021464000,  -0.00040,
,,,0.000021468000,  -0.00020,
,,,0.000021472000,  -0.00020,
,,,0.000021476000,  -0.00020,
,,,0.000021480000,  -0.00020,
,,,0.000021484000,  -0.00020,
,,,0.000021488000,  -0.00020,
,,,0.000021492000,  -0.00020,
,,,0.000021496000,  -0.00020,
,,,0.000021500000,  -0.00040,
,,,0.000021504000,  -0.00020,
,,,0.000021508000,  -0.00020,
,,,0.000021512000,  -0.00020,
,,,0.000021516000,  -0.00020,
,,,0.000021520000,  -0.00040,
,,,0.000021524000,  -0.00040,
,,,0.000021528000,  -0.00040,
,,,0.000021532000,  -0.00040,
,,,0.000021536000,  -0.00040,
,,,0.000021540000,  -0.00020,
,,,0.000021544000,  -0.00020,
,,,0.000021548000,  -0.00040,
,,,0.000021552000,  -0.00040,
,,,0.000021556000,  -0.00020,
,,,0.000021560000,  -0.00040,
,,,0.000021564000,  -0.00040,
,,,0.000021568000,  -0.00020,
,,,0.000021572000,  -0.00020,
,,,0.000021576000,  -0.00040,
,,,0.000021580000,  -0.00040,
,,,0.000021584000,  -0.00040,
,,,0.000021588000,  -0.00040,
,,,0.000021592000,  -0.00040,
,,,0.000021596000,  -0.00020,
,,,0.000021600000,  -0.00040,
,,,0.000021604000,  -0.00040,
,,,0.000021608000,  -0.00040,
,,,0.000021612000,  -0.00020,
,,,0.000021616000,  -0.00020,
,,,0.000021620000,  -0.00020,
,,,0.000021624000,  -0.00020,
,,,0.000021628000,  -0.00040,
,,,0.000021632000,  -0.00040,
,,,0.000021636000,  -0.00040,
,,,0.000021640000,  -0.00040,
,,,0.000021644000,  -0.00040,
,,,0.000021648000,  -0.00040,
,,,0.000021652000,  -0.00040,
,,,0.000021656000,  -0.00040,
,,,0.000021660000,  -0.00040,
,,,0.000021664000,  -0.00040,
,,,0.000021668000,  -0.00040,
,,,0.000021672000,  -0.00040,
,,,0.000021676000,  -0.00040,
,,,0.000021680000,  -0.00040,
,,,0.000021684000,  -0.00040,
,,,0.000021688000,  -0.00020,
,,,0.000021692000,  -0.00040,
,,,0.000021696000,  -0.00040,
,,,0.000021700000,  -0.00040,
,,,0.000021704000,  -0.00040,
,,,0.000021708000,  -0.00040,
,,,0.000021712000,  -0.00020,
,,,0.000021716000,  -0.00040,
,,,0.000021720000,  -0.00040,
,,,0.000021724000,  -0.00040,
,,,0.000021728000,  -0.00020,
,,,0.000021732000,  -0.00020,
,,,0.000021736000,  -0.00040,
,,,0.000021740000,  -0.00040,
,,,0.000021744000,  -0.00040,
,,,0.000021748000,  -0.00040,
,,,0.000021752000,  -0.00040,
,,,0.000021756000,  -0.00040,
,,,0.000021760000,  -0.00040,
,,,0.000021764000,  -0.00040,
,,,0.000021768000,  -0.00020,
,,,0.000021772000,  -0.00020,
,,,0.000021776000,  -0.00040,
,,,0.000021780000,  -0.00020,
,,,0.000021784000,  -0.00040,
,,,0.000021788000,  -0.00020,
,,,0.000021792000,  -0.00020,
,,,0.000021796000,  -0.00040,
,,,0.000021800000,  -0.00040,
,,,0.000021804000,  -0.00040,
,,,0.000021808000,  -0.00020,
,,,0.000021812000,  -0.00020,
,,,0.000021816000,  -0.00020,
,,,0.000021820000,  -0.00020,
,,,0.000021824000,  -0.00040,
,,,0.000021828000,  -0.00020,
,,,0.000021832000,  -0.00020,
,,,0.000021836000,  -0.00040,
,,,0.000021840000,  -0.00020,
,,,0.000021844000,  -0.00020,
,,,0.000021848000,  -0.00020,
,,,0.000021852000,  -0.00020,
,,,0.000021856000,  -0.00020,
,,,0.000021860000,  -0.00020,
,,,0.000021864000,  -0.00020,
,,,0.000021868000,  -0.00020,
,,,0.000021872000,  -0.00040,
,,,0.000021876000,  -0.00040,
,,,0.000021880000,  -0.00040,
,,,0.000021884000,  -0.00020,
,,,0.000021888000,  -0.00020,
,,,0.000021892000,  -0.00020,
,,,0.000021896000,  -0.00040,
,,,0.000021900000,  -0.00040,
,,,0.000021904000,  -0.00040,
,,,0.000021908000,  -0.00040,
,,,0.000021912000,  -0.00040,
,,,0.000021916000,  -0.00040,
,,,0.000021920000,  -0.00040,
,,,0.000021924000,  -0.00040,
,,,0.000021928000,  -0.00040,
,,,0.000021932000,  -0.00020,
,,,0.000021936000,  -0.00020,
,,,0.000021940000,  -0.00040,
,,,0.000021944000,  -0.00020,
,,,0.000021948000,  -0.00020,
,,,0.000021952000,  -0.00020,
,,,0.000021956000,  -0.00020,
,,,0.000021960000,  -0.00020,
,,,0.000021964000,  -0.00020,
,,,0.000021968000,  -0.00040,
,,,0.000021972000,  -0.00020,
,,,0.000021976000,  -0.00020,
,,,0.000021980000,  -0.00020,
,,,0.000021984000,  -0.00040,
,,,0.000021988000,  -0.00040,
,,,0.000021992000,  -0.00040,
,,,0.000021996000,  -0.00040,
,,,0.000022000000,  -0.00020,
,,,0.000022004000,  -0.00040,
,,,0.000022008000,  -0.00040,
,,,0.000022012000,  -0.00040,
,,,0.000022016000,  -0.00040,
,,,0.000022020000,  -0.00020,
,,,0.000022024000,  -0.00040,
,,,0.000022028000,  -0.00020,
,,,0.000022032000,  -0.00020,
,,,0.000022036000,  -0.00020,
,,,0.000022040000,  -0.00040,
,,,0.000022044000,  -0.00040,
,,,0.000022048000,  -0.00040,
,,,0.000022052000,  -0.00040,
,,,0.000022056000,  -0.00040,
,,,0.000022060000,  -0.00020,
,,,0.000022064000,  -0.00020,
,,,0.000022068000,  -0.00020,
,,,0.000022072000,  -0.00020,
,,,0.000022076000,  -0.00020,
,,,0.000022080000,  -0.00020,
,,,0.000022084000,  -0.00020,
,,,0.000022088000,  -0.00020,
,,,0.000022092000,  -0.00020,
,,,0.000022096000,  -0.00020,
,,,0.000022100000,  -0.00020,
,,,0.000022104000,  -0.00040,
,,,0.000022108000,  -0.00040,
,,,0.000022112000,  -0.00040,
,,,0.000022116000,  -0.00040,
,,,0.000022120000,  -0.00020,
,,,0.000022124000,  -0.00040,
,,,0.000022128000,  -0.00020,
,,,0.000022132000,  -0.00020,
,,,0.000022136000,  -0.00020,
,,,0.000022140000,  -0.00020,
,,,0.000022144000,  -0.00020,
,,,0.000022148000,  -0.00020,
,,,0.000022152000,  -0.00020,
,,,0.000022156000,  -0.00020,
,,,0.000022160000,  -0.00020,
,,,0.000022164000,  -0.00040,
,,,0.000022168000,  -0.00040,
,,,0.000022172000,  -0.00040,
,,,0.000022176000,  -0.00020,
,,,0.000022180000,  -0.00020,
,,,0.000022184000,  -0.00020,
,,,0.000022188000,  -0.00020,
,,,0.000022192000,  -0.00020,
,,,0.000022196000,  -0.00020,
,,,0.000022200000,  -0.00020,
,,,0.000022204000,  -0.00020,
,,,0.000022208000,  -0.00020,
,,,0.000022212000,  -0.00020,
,,,0.000022216000,  -0.00040,
,,,0.000022220000,  -0.00020,
,,,0.000022224000,  -0.00020,
,,,0.000022228000,  -0.00040,
,,,0.000022232000,  -0.00040,
,,,0.000022236000,  -0.00040,
,,,0.000022240000,  -0.00040,
,,,0.000022244000,  -0.00020,
,,,0.000022248000,  -0.00020,
,,,0.000022252000,  -0.00020,
,,,0.000022256000,  -0.00020,
,,,0.000022260000,  -0.00020,
,,,0.000022264000,  -0.00020,
,,,0.000022268000,  -0.00040,
,,,0.000022272000,  -0.00040,
,,,0.000022276000,  -0.00040,
,,,0.000022280000,  -0.00040,
,,,0.000022284000,  -0.00020,
,,,0.000022288000,  -0.00040,
,,,0.000022292000,  -0.00040,
,,,0.000022296000,  -0.00040,
,,,0.000022300000,  -0.00040,
,,,0.000022304000,  -0.00040,
,,,0.000022308000,  -0.00040,
,,,0.000022312000,  -0.00040,
,,,0.000022316000,  -0.00040,
,,,0.000022320000,  -0.00040,
,,,0.000022324000,  -0.00040,
,,,0.000022328000,  -0.00040,
,,,0.000022332000,  -0.00040,
,,,0.000022336000,  -0.00040,
,,,0.000022340000,  -0.00020,
,,,0.000022344000,  -0.00020,
,,,0.000022348000,  -0.00040,
,,,0.000022352000,  -0.00040,
,,,0.000022356000,  -0.00040,
,,,0.000022360000,  -0.00020,
,,,0.000022364000,  -0.00020,
,,,0.000022368000,  -0.00020,
,,,0.000022372000,  -0.00020,
,,,0.000022376000,  -0.00020,
,,,0.000022380000,  -0.00040,
,,,0.000022384000,  -0.00040,
,,,0.000022388000,  -0.00020,
,,,0.000022392000,  -0.00020,
,,,0.000022396000,  -0.00020,
,,,0.000022400000,  -0.00020,
,,,0.000022404000,  -0.00040,
,,,0.000022408000,  -0.00020,
,,,0.000022412000,  -0.00040,
,,,0.000022416000,  -0.00040,
,,,0.000022420000,  -0.00040,
,,,0.000022424000,  -0.00020,
,,,0.000022428000,  -0.00040,
,,,0.000022432000,  -0.00040,
,,,0.000022436000,  -0.00020,
,,,0.000022440000,  -0.00040,
,,,0.000022444000,  -0.00020,
,,,0.000022448000,  -0.00020,
,,,0.000022452000,  -0.00020,
,,,0.000022456000,  -0.00020,
,,,0.000022460000,  -0.00020,
,,,0.000022464000,  -0.00020,
,,,0.000022468000,  -0.00040,
,,,0.000022472000,  -0.00020,
,,,0.000022476000,  -0.00020,
,,,0.000022480000,  -0.00020,
,,,0.000022484000,  -0.00040,
,,,0.000022488000,  -0.00040,
,,,0.000022492000,  -0.00040,
,,,0.000022496000,  -0.00020,
,,,0.000022500000,  -0.00020,
,,,0.000022504000,  -0.00020,
,,,0.000022508000,  -0.00040,
,,,0.000022512000,  -0.00040,
,,,0.000022516000,  -0.00040,
,,,0.000022520000,  -0.00040,
,,,0.000022524000,  -0.00040,
,,,0.000022528000,  -0.00040,
,,,0.000022532000,  -0.00040,
,,,0.000022536000,  -0.00040,
,,,0.000022540000,  -0.00040,
,,,0.000022544000,  -0.00020,
,,,0.000022548000,  -0.00020,
,,,0.000022552000,  -0.00020,
,,,0.000022556000,  -0.00020,
,,,0.000022560000,  -0.00020,
,,,0.000022564000,  -0.00040,
,,,0.000022568000,  -0.00040,
,,,0.000022572000,  -0.00020,
,,,0.000022576000,  -0.00040,
,,,0.000022580000,  -0.00020,
,,,0.000022584000,  -0.00020,
,,,0.000022588000,  -0.00040,
,,,0.000022592000,  -0.00040,
,,,0.000022596000,  -0.00040,
,,,0.000022600000,  -0.00040,
,,,0.000022604000,  -0.00020,
,,,0.000022608000,  -0.00020,
,,,0.000022612000,  -0.00020,
,,,0.000022616000,  -0.00020,
,,,0.000022620000,  -0.00040,
,,,0.000022624000,  -0.00020,
,,,0.000022628000,  -0.00040,
,,,0.000022632000,  -0.00020,
,,,0.000022636000,  -0.00020,
,,,0.000022640000,  -0.00020,
,,,0.000022644000,  -0.00040,
,,,0.000022648000,  -0.00040,
,,,0.000022652000,  -0.00020,
,,,0.000022656000,  -0.00020,
,,,0.000022660000,  -0.00020,
,,,0.000022664000,  -0.00020,
,,,0.000022668000,  -0.00040,
,,,0.000022672000,  -0.00040,
,,,0.000022676000,  -0.00020,
,,,0.000022680000,  -0.00040,
,,,0.000022684000,  -0.00040,
,,,0.000022688000,  -0.00020,
,,,0.000022692000,  -0.00020,
,,,0.000022696000,  -0.00040,
,,,0.000022700000,  -0.00040,
,,,0.000022704000,  -0.00040,
,,,0.000022708000,  -0.00040,
,,,0.000022712000,  -0.00040,
,,,0.000022716000,  -0.00040,
,,,0.000022720000,  -0.00040,
,,,0.000022724000,  -0.00040,
,,,0.000022728000,  -0.00040,
,,,0.000022732000,  -0.00040,
,,,0.000022736000,  -0.00020,
,,,0.000022740000,  -0.00040,
,,,0.000022744000,  -0.00040,
,,,0.000022748000,  -0.00040,
,,,0.000022752000,  -0.00020,
,,,0.000022756000,  -0.00020,
,,,0.000022760000,  -0.00020,
,,,0.000022764000,  -0.00020,
,,,0.000022768000,  -0.00020,
,,,0.000022772000,  -0.00020,
,,,0.000022776000,  -0.00020,
,,,0.000022780000,  -0.00020,
,,,0.000022784000,  -0.00020,
,,,0.000022788000,  -0.00020,
,,,0.000022792000,  -0.00040,
,,,0.000022796000,  -0.00040,
,,,0.000022800000,  -0.00020,
,,,0.000022804000,  -0.00040,
,,,0.000022808000,  -0.00040,
,,,0.000022812000,  -0.00040,
,,,0.000022816000,  -0.00040,
,,,0.000022820000,  -0.00020,
,,,0.000022824000,  -0.00020,
,,,0.000022828000,  -0.00040,
,,,0.000022832000,  -0.00040,
,,,0.000022836000,  -0.00040,
,,,0.000022840000,  -0.00040,
,,,0.000022844000,  -0.00040,
,,,0.000022848000,  -0.00040,
,,,0.000022852000,  -0.00020,
,,,0.000022856000,  -0.00020,
,,,0.000022860000,  -0.00020,
,,,0.000022864000,  -0.00020,
,,,0.000022868000,  -0.00020,
,,,0.000022872000,  -0.00040,
,,,0.000022876000,  -0.00040,
,,,0.000022880000,  -0.00040,
,,,0.000022884000,  -0.00020,
,,,0.000022888000,  -0.00020,
,,,0.000022892000,  -0.00020,
,,,0.000022896000,  -0.00040,
,,,0.000022900000,  -0.00020,
,,,0.000022904000,  -0.00020,
,,,0.000022908000,  -0.00020,
,,,0.000022912000,  -0.00040,
,,,0.000022916000,  -0.00020,
,,,0.000022920000,  -0.00020,
,,,0.000022924000,  -0.00020,
,,,0.000022928000,  -0.00040,
,,,0.000022932000,  -0.00040,
,,,0.000022936000,  -0.00040,
,,,0.000022940000,  -0.00040,
,,,0.000022944000,  -0.00040,
,,,0.000022948000,  -0.00040,
,,,0.000022952000,  -0.00020,
,,,0.000022956000,  -0.00020,
,,,0.000022960000,  -0.00040,
,,,0.000022964000,  -0.00020,
,,,0.000022968000,  -0.00020,
,,,0.000022972000,  -0.00040,
,,,0.000022976000,  -0.00040,
,,,0.000022980000,  -0.00040,
,,,0.000022984000,  -0.00040,
,,,0.000022988000,  -0.00040,
,,,0.000022992000,  -0.00020,
,,,0.000022996000,  -0.00020,
,,,0.000023000000,  -0.00040,
,,,0.000023004000,  -0.00040,
,,,0.000023008000,  -0.00040,
,,,0.000023012000,  -0.00020,
,,,0.000023016000,  -0.00040,
,,,0.000023020000,  -0.00040,
,,,0.000023024000,  -0.00040,
,,,0.000023028000,  -0.00040,
,,,0.000023032000,  -0.00040,
,,,0.000023036000,  -0.00040,
,,,0.000023040000,  -0.00040,
,,,0.000023044000,  -0.00040,
,,,0.000023048000,  -0.00040,
,,,0.000023052000,  -0.00020,
,,,0.000023056000,  -0.00020,
,,,0.000023060000,  -0.00020,
,,,0.000023064000,  -0.00020,
,,,0.000023068000,  -0.00040,
,,,0.000023072000,  -0.00020,
,,,0.000023076000,  -0.00020,
,,,0.000023080000,  -0.00020,
,,,0.000023084000,  -0.00040,
,,,0.000023088000,  -0.00040,
,,,0.000023092000,  -0.00040,
,,,0.000023096000,  -0.00040,
,,,0.000023100000,  -0.00040,
,,,0.000023104000,  -0.00040,
,,,0.000023108000,  -0.00040,
,,,0.000023112000,  -0.00040,
,,,0.000023116000,  -0.00040,
,,,0.000023120000,  -0.00040,
,,,0.000023124000,  -0.00040,
,,,0.000023128000,  -0.00040,
,,,0.000023132000,  -0.00040,
,,,0.000023136000,  -0.00040,
,,,0.000023140000,  -0.00040,
,,,0.000023144000,  -0.00020,
,,,0.000023148000,  -0.00040,
,,,0.000023152000,  -0.00020,
,,,0.000023156000,  -0.00020,
,,,0.000023160000,  -0.00020,
,,,0.000023164000,  -0.00040,
,,,0.000023168000,  -0.00040,
,,,0.000023172000,  -0.00020,
,,,0.000023176000,  -0.00040,
,,,0.000023180000,  -0.00040,
,,,0.000023184000,  -0.00040,
,,,0.000023188000,  -0.00020,
,,,0.000023192000,  -0.00020,
,,,0.000023196000,  -0.00040,
,,,0.000023200000,  -0.00040,
,,,0.000023204000,  -0.00020,
,,,0.000023208000,  -0.00040,
,,,0.000023212000,  -0.00040,
,,,0.000023216000,  -0.00020,
,,,0.000023220000,  -0.00020,
,,,0.000023224000,  -0.00020,
,,,0.000023228000,  -0.00040,
,,,0.000023232000,  -0.00040,
,,,0.000023236000,  -0.00040,
,,,0.000023240000,  -0.00040,
,,,0.000023244000,  -0.00040,
,,,0.000023248000,  -0.00020,
,,,0.000023252000,  -0.00020,
,,,0.000023256000,  -0.00020,
,,,0.000023260000,  -0.00040,
,,,0.000023264000,  -0.00040,
,,,0.000023268000,  -0.00020,
,,,0.000023272000,  -0.00020,
,,,0.000023276000,  -0.00020,
,,,0.000023280000,  -0.00040,
,,,0.000023284000,  -0.00040,
,,,0.000023288000,  -0.00020,
,,,0.000023292000,  -0.00040,
,,,0.000023296000,  -0.00040,
,,,0.000023300000,  -0.00040,
,,,0.000023304000,  -0.00020,
,,,0.000023308000,  -0.00020,
,,,0.000023312000,  -0.00020,
,,,0.000023316000,  -0.00020,
,,,0.000023320000,  -0.00020,
,,,0.000023324000,  -0.00020,
,,,0.000023328000,  -0.00040,
,,,0.000023332000,  -0.00040,
,,,0.000023336000,  -0.00040,
,,,0.000023340000,  -0.00020,
,,,0.000023344000,  -0.00020,
,,,0.000023348000,  -0.00040,
,,,0.000023352000,  -0.00020,
,,,0.000023356000,  -0.00020,
,,,0.000023360000,  -0.00020,
,,,0.000023364000,  -0.00020,
,,,0.000023368000,  -0.00040,
,,,0.000023372000,  -0.00040,
,,,0.000023376000,  -0.00040,
,,,0.000023380000,  -0.00040,
,,,0.000023384000,  -0.00040,
,,,0.000023388000,  -0.00040,
,,,0.000023392000,  -0.00040,
,,,0.000023396000,  -0.00040,
,,,0.000023400000,  -0.00040,
,,,0.000023404000,  -0.00040,
,,,0.000023408000,  -0.00020,
,,,0.000023412000,  -0.00020,
,,,0.000023416000,  -0.00040,
,,,0.000023420000,  -0.00040,
,,,0.000023424000,  -0.00040,
,,,0.000023428000,  -0.00040,
,,,0.000023432000,  -0.00040,
,,,0.000023436000,  -0.00020,
,,,0.000023440000,  -0.00020,
,,,0.000023444000,  -0.00040,
,,,0.000023448000,  -0.00020,
,,,0.000023452000,  -0.00040,
,,,0.000023456000,  -0.00040,
,,,0.000023460000,  -0.00020,
,,,0.000023464000,  -0.00040,
,,,0.000023468000,  -0.00040,
,,,0.000023472000,  -0.00020,
,,,0.000023476000,  -0.00040,
,,,0.000023480000,  -0.00040,
,,,0.000023484000,  -0.00020,
,,,0.000023488000,  -0.00020,
,,,0.000023492000,  -0.00040,
,,,0.000023496000,  -0.00040,
,,,0.000023500000,  -0.00020,
,,,0.000023504000,  -0.00020,
,,,0.000023508000,  -0.00040,
,,,0.000023512000,  -0.00020,
,,,0.000023516000,  -0.00020,
,,,0.000023520000,  -0.00020,
,,,0.000023524000,  -0.00020,
,,,0.000023528000,  -0.00020,
,,,0.000023532000,  -0.00040,
,,,0.000023536000,  -0.00020,
,,,0.000023540000,  -0.00040,
,,,0.000023544000,  -0.00020,
,,,0.000023548000,  -0.00020,
,,,0.000023552000,  -0.00020,
,,,0.000023556000,  -0.00020,
,,,0.000023560000,  -0.00040,
,,,0.000023564000,  -0.00040,
,,,0.000023568000,  -0.00020,
,,,0.000023572000,  -0.00040,
,,,0.000023576000,  -0.00040,
,,,0.000023580000,  -0.00040,
,,,0.000023584000,  -0.00040,
,,,0.000023588000,  -0.00040,
,,,0.000023592000,  -0.00020,
,,,0.000023596000,  -0.00020,
,,,0.000023600000,  -0.00040,
,,,0.000023604000,  -0.00040,
,,,0.000023608000,  -0.00040,
,,,0.000023612000,  -0.00020,
,,,0.000023616000,  -0.00020,
,,,0.000023620000,  -0.00020,
,,,0.000023624000,  -0.00020,
,,,0.000023628000,  -0.00020,
,,,0.000023632000,  -0.00040,
,,,0.000023636000,  -0.00020,
,,,0.000023640000,  -0.00040,
,,,0.000023644000,  -0.00040,
,,,0.000023648000,  -0.00020,
,,,0.000023652000,  -0.00020,
,,,0.000023656000,  -0.00040,
,,,0.000023660000,  -0.00020,
,,,0.000023664000,  -0.00040,
,,,0.000023668000,  -0.00020,
,,,0.000023672000,  -0.00020,
,,,0.000023676000,  -0.00040,
,,,0.000023680000,  -0.00040,
,,,0.000023684000,  -0.00040,
,,,0.000023688000,  -0.00040,
,,,0.000023692000,  -0.00040,
,,,0.000023696000,  -0.00040,
,,,0.000023700000,  -0.00040,
,,,0.000023704000,  -0.00040,
,,,0.000023708000,  -0.00020,
,,,0.000023712000,  -0.00020,
,,,0.000023716000,  -0.00040,
,,,0.000023720000,  -0.00040,
,,,0.000023724000,  -0.00040,
,,,0.000023728000,  -0.00040,
,,,0.000023732000,  -0.00020,
,,,0.000023736000,  -0.00040,
,,,0.000023740000,  -0.00040,
,,,0.000023744000,  -0.00020,
,,,0.000023748000,  -0.00040,
,,,0.000023752000,  -0.00020,
,,,0.000023756000,  -0.00020,
,,,0.000023760000,  -0.00040,
,,,0.000023764000,  -0.00040,
,,,0.000023768000,  -0.00040,
,,,0.000023772000,  -0.00020,
,,,0.000023776000,  -0.00040,
,,,0.000023780000,  -0.00040,
,,,0.000023784000,  -0.00020,
,,,0.000023788000,  -0.00040,
,,,0.000023792000,  -0.00020,
,,,0.000023796000,  -0.00020,
,,,0.000023800000,  -0.00040,
,,,0.000023804000,  -0.00020,
,,,0.000023808000,  -0.00020,
,,,0.000023812000,  -0.00020,
,,,0.000023816000,  -0.00040,
,,,0.000023820000,  -0.00020,
,,,0.000023824000,  -0.00020,
,,,0.000023828000,  -0.00020,
,,,0.000023832000,  -0.00020,
,,,0.000023836000,  -0.00020,
,,,0.000023840000,  -0.00040,
,,,0.000023844000,  -0.00040,
,,,0.000023848000,  -0.00040,
,,,0.000023852000,  -0.00040,
,,,0.000023856000,  -0.00040,
,,,0.000023860000,  -0.00040,
,,,0.000023864000,  -0.00040,
,,,0.000023868000,  -0.00040,
,,,0.000023872000,  -0.00040,
,,,0.000023876000,  -0.00020,
,,,0.000023880000,  -0.00040,
,,,0.000023884000,  -0.00020,
,,,0.000023888000,  -0.00040,
,,,0.000023892000,  -0.00040,
,,,0.000023896000,  -0.00040,
,,,0.000023900000,  -0.00040,
,,,0.000023904000,  -0.00040,
,,,0.000023908000,  -0.00040,
,,,0.000023912000,  -0.00040,
,,,0.000023916000,  -0.00040,
,,,0.000023920000,  -0.00040,
,,,0.000023924000,  -0.00020,
,,,0.000023928000,  -0.00020,
,,,0.000023932000,  -0.00020,
,,,0.000023936000,  -0.00040,
,,,0.000023940000,  -0.00040,
,,,0.000023944000,  -0.00020,
,,,0.000023948000,  -0.00040,
,,,0.000023952000,  -0.00040,
,,,0.000023956000,  -0.00040,
,,,0.000023960000,  -0.00040,
,,,0.000023964000,  -0.00040,
,,,0.000023968000,  -0.00040,
,,,0.000023972000,  -0.00040,
,,,0.000023976000,  -0.00020,
,,,0.000023980000,  -0.00020,
,,,0.000023984000,  -0.00040,
,,,0.000023988000,  -0.00020,
,,,0.000023992000,  -0.00040,
,,,0.000023996000,  -0.00040,
,,,0.000024000000,  -0.00040,
,,,0.000024004000,  -0.00040,
,,,0.000024008000,  -0.00040,
,,,0.000024012000,  -0.00020,
,,,0.000024016000,  -0.00020,
,,,0.000024020000,  -0.00020,
,,,0.000024024000,  -0.00040,
,,,0.000024028000,  -0.00040,
,,,0.000024032000,  -0.00040,
,,,0.000024036000,  -0.00040,
,,,0.000024040000,  -0.00020,
,,,0.000024044000,  -0.00040,
,,,0.000024048000,  -0.00020,
,,,0.000024052000,  -0.00020,
,,,0.000024056000,  -0.00020,
,,,0.000024060000,  -0.00020,
,,,0.000024064000,  -0.00020,
,,,0.000024068000,  -0.00040,
,,,0.000024072000,  -0.00040,
,,,0.000024076000,  -0.00040,
,,,0.000024080000,  -0.00040,
,,,0.000024084000,  -0.00040,
,,,0.000024088000,  -0.00020,
,,,0.000024092000,  -0.00020,
,,,0.000024096000,  -0.00020,
,,,0.000024100000,  -0.00020,
,,,0.000024104000,  -0.00040,
,,,0.000024108000,  -0.00040,
,,,0.000024112000,  -0.00020,
,,,0.000024116000,  -0.00020,
,,,0.000024120000,  -0.00040,
,,,0.000024124000,  -0.00040,
,,,0.000024128000,  -0.00020,
,,,0.000024132000,  -0.00020,
,,,0.000024136000,  -0.00020,
,,,0.000024140000,  -0.00020,
,,,0.000024144000,  -0.00020,
,,,0.000024148000,  -0.00040,
,,,0.000024152000,  -0.00040,
,,,0.000024156000,  -0.00020,
,,,0.000024160000,  -0.00020,
,,,0.000024164000,  -0.00020,
,,,0.000024168000,  -0.00020,
,,,0.000024172000,  -0.00040,
,,,0.000024176000,  -0.00040,
,,,0.000024180000,  -0.00040,
,,,0.000024184000,  -0.00040,
,,,0.000024188000,  -0.00020,
,,,0.000024192000,  -0.00020,
,,,0.000024196000,  -0.00040,
,,,0.000024200000,  -0.00020,
,,,0.000024204000,  -0.00020,
,,,0.000024208000,  -0.00020,
,,,0.000024212000,  -0.00020,
,,,0.000024216000,  -0.00020,
,,,0.000024220000,  -0.00020,
,,,0.000024224000,  -0.00020,
,,,0.000024228000,  -0.00020,
,,,0.000024232000,  -0.00020,
,,,0.000024236000,  -0.00020,
,,,0.000024240000,  -0.00020,
,,,0.000024244000,  -0.00020,
,,,0.000024248000,  -0.00040,
,,,0.000024252000,  -0.00020,
,,,0.000024256000,  -0.00020,
,,,0.000024260000,  -0.00020,
,,,0.000024264000,  -0.00020,
,,,0.000024268000,  -0.00020,
,,,0.000024272000,  -0.00020,
,,,0.000024276000,  -0.00020,
,,,0.000024280000,  -0.00040,
,,,0.000024284000,  -0.00040,
,,,0.000024288000,  -0.00040,
,,,0.000024292000,  -0.00040,
,,,0.000024296000,  -0.00040,
,,,0.000024300000,  -0.00040,
,,,0.000024304000,  -0.00020,
,,,0.000024308000,  -0.00020,
,,,0.000024312000,  -0.00020,
,,,0.000024316000,  -0.00040,
,,,0.000024320000,  -0.00020,
,,,0.000024324000,  -0.00020,
,,,0.000024328000,  -0.00040,
,,,0.000024332000,  -0.00040,
,,,0.000024336000,  -0.00020,
,,,0.000024340000,  -0.00020,
,,,0.000024344000,  -0.00020,
,,,0.000024348000,  -0.00020,
,,,0.000024352000,  -0.00020,
,,,0.000024356000,  -0.00020,
,,,0.000024360000,  -0.00020,
,,,0.000024364000,  -0.00020,
,,,0.000024368000,  -0.00020,
,,,0.000024372000,  -0.00020,
,,,0.000024376000,  -0.00020,
,,,0.000024380000,  -0.00020,
,,,0.000024384000,  -0.00020,
,,,0.000024388000,  -0.00020,
,,,0.000024392000,  -0.00020,
,,,0.000024396000,  -0.00020,
,,,0.000024400000,  -0.00040,
,,,0.000024404000,  -0.00020,
,,,0.000024408000,  -0.00020,
,,,0.000024412000,  -0.00020,
,,,0.000024416000,  -0.00020,
,,,0.000024420000,  -0.00020,
,,,0.000024424000,  -0.00020,
,,,0.000024428000,  -0.00020,
,,,0.000024432000,  -0.00020,
,,,0.000024436000,  -0.00020,
,,,0.000024440000,  -0.00020,
,,,0.000024444000,  -0.00020,
,,,0.000024448000,  -0.00020,
,,,0.000024452000,  -0.00020,
,,,0.000024456000,  -0.00020,
,,,0.000024460000,  -0.00020,
,,,0.000024464000,  -0.00020,
,,,0.000024468000,  -0.00040,
,,,0.000024472000,  -0.00040,
,,,0.000024476000,  -0.00020,
,,,0.000024480000,  -0.00020,
,,,0.000024484000,  -0.00020,
,,,0.000024488000,  -0.00020,
,,,0.000024492000,  -0.00020,
,,,0.000024496000,  -0.00020,
,,,0.000024500000,  -0.00020,
,,,0.000024504000,  -0.00020,
,,,0.000024508000,  -0.00020,
,,,0.000024512000,  -0.00020,
,,,0.000024516000,  -0.00020,
,,,0.000024520000,  -0.00020,
,,,0.000024524000,  -0.00020,
,,,0.000024528000,  -0.00020,
,,,0.000024532000,  -0.00020,
,,,0.000024536000,  -0.00020,
,,,0.000024540000,  -0.00020,
,,,0.000024544000,  -0.00020,
,,,0.000024548000,  -0.00020,
,,,0.000024552000,  -0.00020,
,,,0.000024556000,  -0.00020,
,,,0.000024560000,  -0.00020,
,,,0.000024564000,  -0.00020,
,,,0.000024568000,  -0.00040,
,,,0.000024572000,  -0.00020,
,,,0.000024576000,  -0.00020,
,,,0.000024580000,  -0.00020,
,,,0.000024584000,  -0.00040,
,,,0.000024588000,  -0.00020,
,,,0.000024592000,  -0.00020,
,,,0.000024596000,  -0.00020,
,,,0.000024600000,  -0.00020,
,,,0.000024604000,  -0.00020,
,,,0.000024608000,  -0.00020,
,,,0.000024612000,  -0.00020,
,,,0.000024616000,  -0.00020,
,,,0.000024620000,  -0.00020,
,,,0.000024624000,  -0.00020,
,,,0.000024628000,  -0.00020,
,,,0.000024632000,  -0.00020,
,,,0.000024636000,  -0.00020,
,,,0.000024640000,  -0.00020,
,,,0.000024644000,  -0.00020,
,,,0.000024648000,  -0.00020,
,,,0.000024652000,  -0.00040,
,,,0.000024656000,  -0.00020,
,,,0.000024660000,  -0.00020,
,,,0.000024664000,  -0.00020,
,,,0.000024668000,  -0.00020,
,,,0.000024672000,  -0.00020,
,,,0.000024676000,  -0.00020,
,,,0.000024680000,  -0.00020,
,,,0.000024684000,  -0.00020,
,,,0.000024688000,  -0.00040,
,,,0.000024692000,  -0.00020,
,,,0.000024696000,  -0.00020,
,,,0.000024700000,  -0.00020,
,,,0.000024704000,  -0.00020,
,,,0.000024708000,  -0.00040,
,,,0.000024712000,  -0.00020,
,,,0.000024716000,  -0.00020,
,,,0.000024720000,  -0.00020,
,,,0.000024724000,  -0.00020,
,,,0.000024728000,  -0.00020,
,,,0.000024732000,  -0.00020,
,,,0.000024736000,  -0.00020,
,,,0.000024740000,  -0.00020,
,,,0.000024744000,  -0.00020,
,,,0.000024748000,  -0.00020,
,,,0.000024752000,  -0.00020,
,,,0.000024756000,  -0.00020,
,,,0.000024760000,  -0.00020,
,,,0.000024764000,  -0.00020,
,,,0.000024768000,  -0.00020,
,,,0.000024772000,  -0.00020,
,,,0.000024776000,  -0.00020,
,,,0.000024780000,  -0.00020,
,,,0.000024784000,  -0.00020,
,,,0.000024788000,  -0.00020,
,,,0.000024792000,  -0.00020,
,,,0.000024796000,  -0.00020,
,,,0.000024800000,  -0.00020,
,,,0.000024804000,  -0.00020,
,,,0.000024808000,  -0.00020,
,,,0.000024812000,  -0.00020,
,,,0.000024816000,  -0.00020,
,,,0.000024820000,  -0.00020,
,,,0.000024824000,  -0.00020,
,,,0.000024828000,  -0.00020,
,,,0.000024832000,  -0.00020,
,,,0.000024836000,  -0.00020,
,,,0.000024840000,  -0.00020,
,,,0.000024844000,  -0.00020,
,,,0.000024848000,  -0.00020,
,,,0.000024852000,  -0.00020,
,,,0.000024856000,  -0.00020,
,,,0.000024860000,  -0.00020,
,,,0.000024864000,  -0.00020,
,,,0.000024868000,  -0.00020,
,,,0.000024872000,  -0.00020,
,,,0.000024876000,  -0.00020,
,,,0.000024880000,  -0.00020,
,,,0.000024884000,  -0.00020,
,,,0.000024888000,  -0.00020,
,,,0.000024892000,  -0.00020,
,,,0.000024896000,  -0.00020,
,,,0.000024900000,  -0.00020,
,,,0.000024904000,  -0.00020,
,,,0.000024908000,  -0.00020,
,,,0.000024912000,  -0.00020,
,,,0.000024916000,  -0.00020,
,,,0.000024920000,  -0.00020,
,,,0.000024924000,  -0.00020,
,,,0.000024928000,  -0.00020,
,,,0.000024932000,  -0.00020,
,,,0.000024936000,  -0.00020,
,,,0.000024940000,  -0.00020,
,,,0.000024944000,  -0.00020,
,,,0.000024948000,  -0.00020,
,,,0.000024952000,  -0.00020,
,,,0.000024956000,  -0.00020,
,,,0.000024960000,  -0.00020,
,,,0.000024964000,  -0.00020,
,,,0.000024968000,  -0.00020,
,,,0.000024972000,  -0.00020,
,,,0.000024976000,  -0.00020,
,,,0.000024980000,  -0.00040,
,,,0.000024984000,  -0.00020,
,,,0.000024988000,  -0.00020,
,,,0.000024992000,  -0.00020,
,,,0.000024996000,  -0.00020,
,,,0.000025000000,  -0.00020,
,,,0.000025004000,  -0.00020,
,,,0.000025008000,  -0.00020,
,,,0.000025012000,  -0.00020,
,,,0.000025016000,  -0.00020,
,,,0.000025020000,  -0.00020,
,,,0.000025024000,  -0.00020,
,,,0.000025028000,  -0.00020,
,,,0.000025032000,  -0.00020,
,,,0.000025036000,  -0.00020,
,,,0.000025040000,  -0.00020,
,,,0.000025044000,  -0.00020,
,,,0.000025048000,  -0.00020,
,,,0.000025052000,  -0.00020,
,,,0.000025056000,  -0.00020,
,,,0.000025060000,  -0.00020,
,,,0.000025064000,  -0.00020,
,,,0.000025068000,  -0.00020,
,,,0.000025072000,  -0.00020,
,,,0.000025076000,  -0.00020,
,,,0.000025080000,  -0.00020,
,,,0.000025084000,  -0.00020,
,,,0.000025088000,  -0.00020,
,,,0.000025092000,  -0.00020,
,,,0.000025096000,  -0.00020,
,,,0.000025100000,  -0.00020,
,,,0.000025104000,  -0.00020,
,,,0.000025108000,  -0.00020,
,,,0.000025112000,  -0.00020,
,,,0.000025116000,  -0.00020,
,,,0.000025120000,  -0.00020,
,,,0.000025124000,  -0.00020,
,,,0.000025128000,  -0.00020,
,,,0.000025132000,  -0.00020,
,,,0.000025136000,  -0.00020,
,,,0.000025140000,  -0.00020,
,,,0.000025144000,  -0.00020,
,,,0.000025148000,  -0.00020,
,,,0.000025152000,  -0.00020,
,,,0.000025156000,  -0.00020,
,,,0.000025160000,  -0.00020,
,,,0.000025164000,  -0.00020,
,,,0.000025168000,  -0.00020,
,,,0.000025172000,  -0.00020,
,,,0.000025176000,  -0.00020,
,,,0.000025180000,  -0.00020,
,,,0.000025184000,  -0.00020,
,,,0.000025188000,  -0.00020,
,,,0.000025192000,  -0.00020,
,,,0.000025196000,  -0.00020,
,,,0.000025200000,  -0.00020,
,,,0.000025204000,  -0.00020,
,,,0.000025208000,  -0.00020,
,,,0.000025212000,  -0.00020,
,,,0.000025216000,  -0.00020,
,,,0.000025220000,  -0.00020,
,,,0.000025224000,  -0.00020,
,,,0.000025228000,  -0.00020,
,,,0.000025232000,  -0.00020,
,,,0.000025236000,  -0.00020,
,,,0.000025240000,  -0.00020,
,,,0.000025244000,  -0.00020,
,,,0.000025248000,  -0.00020,
,,,0.000025252000,  -0.00020,
,,,0.000025256000,  -0.00020,
,,,0.000025260000,  -0.00020,
,,,0.000025264000,  -0.00020,
,,,0.000025268000,  -0.00020,
,,,0.000025272000,  -0.00020,
,,,0.000025276000,  -0.00020,
,,,0.000025280000,  -0.00020,
,,,0.000025284000,   0.00000,
,,,0.000025288000,   0.00000,
,,,0.000025292000,  -0.00020,
,,,0.000025296000,  -0.00020,
,,,0.000025300000,  -0.00020,
,,,0.000025304000,   0.00000,
,,,0.000025308000,   0.00000,
,,,0.000025312000,   0.00000,
,,,0.000025316000,   0.00000,
,,,0.000025320000,  -0.00020,
,,,0.000025324000,  -0.00020,
,,,0.000025328000,   0.00000,
,,,0.000025332000,  -0.00020,
,,,0.000025336000,   0.00000,
,,,0.000025340000,  -0.00020,
,,,0.000025344000,  -0.00020,
,,,0.000025348000,  -0.00020,
,,,0.000025352000,  -0.00020,
,,,0.000025356000,  -0.00020,
,,,0.000025360000,  -0.00020,
,,,0.000025364000,  -0.00020,
,,,0.000025368000,   0.00000,
,,,0.000025372000,   0.00000,
,,,0.000025376000,  -0.00020,
,,,0.000025380000,  -0.00020,
,,,0.000025384000,   0.00000,
,,,0.000025388000,   0.00000,
,,,0.000025392000,   0.00000,
,,,0.000025396000,   0.00000,
,,,0.000025400000,  -0.00020,
,,,0.000025404000,  -0.00020,
,,,0.000025408000,  -0.00020,
,,,0.000025412000,   0.00000,
,,,0.000025416000,   0.00000,
,,,0.000025420000,  -0.00020,
,,,0.000025424000,   0.00000,
,,,0.000025428000,   0.00000,
,,,0.000025432000,   0.00000,
,,,0.000025436000,   0.00000,
,,,0.000025440000,   0.00000,
,,,0.000025444000,  -0.00020,
,,,0.000025448000,   0.00000,
,,,0.000025452000,   0.00000,
,,,0.000025456000,   0.00000,
,,,0.000025460000,  -0.00020,
,,,0.000025464000,  -0.00020,
,,,0.000025468000,  -0.00020,
,,,0.000025472000,   0.00000,
,,,0.000025476000,   0.00000,
,,,0.000025480000,   0.00000,
,,,0.000025484000,   0.00000,
,,,0.000025488000,   0.00000,
,,,0.000025492000,   0.00000,
,,,0.000025496000,   0.00000,
,,,0.000025500000,  -0.00020,
,,,0.000025504000,   0.00000,
,,,0.000025508000,   0.00000,
,,,0.000025512000,  -0.00020,
,,,0.000025516000,   0.00000,
,,,0.000025520000,   0.00000,
,,,0.000025524000,   0.00000,
,,,0.000025528000,   0.00000,
,,,0.000025532000,   0.00000,
,,,0.000025536000,   0.00000,
,,,0.000025540000,   0.00000,
,,,0.000025544000,   0.00000,
,,,0.000025548000,   0.00000,
,,,0.000025552000,   0.00000,
,,,0.000025556000,   0.00000,
,,,0.000025560000,   0.00000,
,,,0.000025564000,   0.00000,
,,,0.000025568000,   0.00000,
,,,0.000025572000,   0.00000,
,,,0.000025576000,   0.00020,
,,,0.000025580000,   0.00000,
,,,0.000025584000,   0.00000,
,,,0.000025588000,  -0.00020,
,,,0.000025592000,   0.00000,
,,,0.000025596000,   0.00000,
,,,0.000025600000,   0.00000,
,,,0.000025604000,   0.00000,
,,,0.000025608000,   0.00000,
,,,0.000025612000,   0.00000,
,,,0.000025616000,   0.00000,
,,,0.000025620000,   0.00000,
,,,0.000025624000,   0.00000,
,,,0.000025628000,   0.00000,
,,,0.000025632000,   0.00000,
,,,0.000025636000,   0.00020,
,,,0.000025640000,   0.00020,
,,,0.000025644000,   0.00020,
,,,0.000025648000,   0.00000,
,,,0.000025652000,   0.00000,
,,,0.000025656000,   0.00000,
,,,0.000025660000,   0.00000,
,,,0.000025664000,   0.00020,
,,,0.000025668000,   0.00000,
,,,0.000025672000,   0.00020,
,,,0.000025676000,   0.00020,
,,,0.000025680000,   0.00020,
,,,0.000025684000,   0.00020,
,,,0.000025688000,   0.00020,
,,,0.000025692000,   0.00020,
,,,0.000025696000,   0.00020,
,,,0.000025700000,   0.00020,
,,,0.000025704000,   0.00020,
,,,0.000025708000,   0.00020,
,,,0.000025712000,   0.00020,
,,,0.000025716000,   0.00020,
,,,0.000025720000,   0.00020,
,,,0.000025724000,   0.00020,
,,,0.000025728000,   0.00000,
,,,0.000025732000,   0.00020,
,,,0.000025736000,   0.00020,
,,,0.000025740000,   0.00020,
,,,0.000025744000,   0.00020,
,,,0.000025748000,   0.00020,
,,,0.000025752000,   0.00020,
,,,0.000025756000,   0.00000,
,,,0.000025760000,   0.00020,
,,,0.000025764000,   0.00020,
,,,0.000025768000,   0.00020,
,,,0.000025772000,   0.00020,
,,,0.000025776000,   0.00020,
,,,0.000025780000,   0.00020,
,,,0.000025784000,   0.00020,
,,,0.000025788000,   0.00020,
,,,0.000025792000,   0.00020,
,,,0.000025796000,   0.00040,
,,,0.000025800000,   0.00020,
,,,0.000025804000,   0.00020,
,,,0.000025808000,   0.00040,
,,,0.000025812000,   0.00020,
,,,0.000025816000,   0.00020,
,,,0.000025820000,   0.00020,
,,,0.000025824000,   0.00040,
,,,0.000025828000,   0.00020,
,,,0.000025832000,   0.00020,
,,,0.000025836000,   0.00020,
,,,0.000025840000,   0.00020,
,,,0.000025844000,   0.00020,
,,,0.000025848000,   0.00040,
,,,0.000025852000,   0.00040,
,,,0.000025856000,   0.00040,
,,,0.000025860000,   0.00040,
,,,0.000025864000,   0.00040,
,,,0.000025868000,   0.00040,
,,,0.000025872000,   0.00040,
,,,0.000025876000,   0.00040,
,,,0.000025880000,   0.00040,
,,,0.000025884000,   0.00040,
,,,0.000025888000,   0.00040,
,,,0.000025892000,   0.00040,
,,,0.000025896000,   0.00020,
,,,0.000025900000,   0.00040,
,,,0.000025904000,   0.00040,
,,,0.000025908000,   0.00040,
,,,0.000025912000,   0.00040,
,,,0.000025916000,   0.00040,
,,,0.000025920000,   0.00040,
,,,0.000025924000,   0.00040,
,,,0.000025928000,   0.00040,
,,,0.000025932000,   0.00040,
,,,0.000025936000,   0.00040,
,,,0.000025940000,   0.00040,
,,,0.000025944000,   0.00040,
,,,0.000025948000,   0.00040,
,,,0.000025952000,   0.00060,
,,,0.000025956000,   0.00040,
,,,0.000025960000,   0.00040,
,,,0.000025964000,   0.00040,
,,,0.000025968000,   0.00040,
,,,0.000025972000,   0.00040,
,,,0.000025976000,   0.00060,
,,,0.000025980000,   0.00060,
,,,0.000025984000,   0.00060,
,,,0.000025988000,   0.00060,
,,,0.000025992000,   0.00060,
,,,0.000025996000,   0.00060,
,,,0.000026000000,   0.00060,
,,,0.000026004000,   0.00060,
,,,0.000026008000,   0.00060,
,,,0.000026012000,   0.00060,
,,,0.000026016000,   0.00060,
,,,0.000026020000,   0.00060,
,,,0.000026024000,   0.00060,
,,,0.000026028000,   0.00060,
,,,0.000026032000,   0.00080,
,,,0.000026036000,   0.00080,
,,,0.000026040000,   0.00060,
,,,0.000026044000,   0.00060,
,,,0.000026048000,   0.00060,
,,,0.000026052000,   0.00080,
,,,0.000026056000,   0.00060,
,,,0.000026060000,   0.00080,
,,,0.000026064000,   0.00080,
,,,0.000026068000,   0.00080,
,,,0.000026072000,   0.00060,
,,,0.000026076000,   0.00080,
,,,0.000026080000,   0.00080,
,,,0.000026084000,   0.00080,
,,,0.000026088000,   0.00080,
,,,0.000026092000,   0.00080,
,,,0.000026096000,   0.00080,
,,,0.000026100000,   0.00080,
,,,0.000026104000,   0.00080,
,,,0.000026108000,   0.00080,
,,,0.000026112000,   0.00080,
,,,0.000026116000,   0.00100,
,,,0.000026120000,   0.00080,
,,,0.000026124000,   0.00080,
,,,0.000026128000,   0.00080,
,,,0.000026132000,   0.00080,
,,,0.000026136000,   0.00100,
,,,0.000026140000,   0.00080,
,,,0.000026144000,   0.00100,
,,,0.000026148000,   0.00080,
,,,0.000026152000,   0.00080,
,,,0.000026156000,   0.00080,
,,,0.000026160000,   0.00100,
,,,0.000026164000,   0.00080,
,,,0.000026168000,   0.00080,
,,,0.000026172000,   0.00080,
,,,0.000026176000,   0.00080,
,,,0.000026180000,   0.00080,
,,,0.000026184000,   0.00100,
,,,0.000026188000,   0.00100,
,,,0.000026192000,   0.00100,
,,,0.000026196000,   0.00100,
,,,0.000026200000,   0.00080,
,,,0.000026204000,   0.00100,
,,,0.000026208000,   0.00080,
,,,0.000026212000,   0.00080,
,,,0.000026216000,   0.00080,
,,,0.000026220000,   0.00080,
,,,0.000026224000,   0.00100,
,,,0.000026228000,   0.00080,
,,,0.000026232000,   0.00080,
,,,0.000026236000,   0.00080,
,,,0.000026240000,   0.00080,
,,,0.000026244000,   0.00080,
,,,0.000026248000,   0.00080,
,,,0.000026252000,   0.00080,
,,,0.000026256000,   0.00080,
,,,0.000026260000,   0.00080,
,,,0.000026264000,   0.00080,
,,,0.000026268000,   0.00080,
,,,0.000026272000,   0.00080,
,,,0.000026276000,   0.00080,
,,,0.000026280000,   0.00080,
,,,0.000026284000,   0.00060,
,,,0.000026288000,   0.00080,
,,,0.000026292000,   0.00080,
,,,0.000026296000,   0.00080,
,,,0.000026300000,   0.00080,
,,,0.000026304000,   0.00060,
,,,0.000026308000,   0.00060,
,,,0.000026312000,   0.00080,
,,,0.000026316000,   0.00080,
,,,0.000026320000,   0.00060,
,,,0.000026324000,   0.00060,
,,,0.000026328000,   0.00060,
,,,0.000026332000,   0.00060,
,,,0.000026336000,   0.00060,
,,,0.000026340000,   0.00060,
,,,0.000026344000,   0.00060,
,,,0.000026348000,   0.00060,
,,,0.000026352000,   0.00060,
,,,0.000026356000,   0.00060,
,,,0.000026360000,   0.00060,
,,,0.000026364000,   0.00060,
,,,0.000026368000,   0.00060,
,,,0.000026372000,   0.00060,
,,,0.000026376000,   0.00040,
,,,0.000026380000,   0.00060,
,,,0.000026384000,   0.00060,
,,,0.000026388000,   0.00060,
,,,0.000026392000,   0.00060,
,,,0.000026396000,   0.00040,
,,,0.000026400000,   0.00040,
,,,0.000026404000,   0.00060,
,,,0.000026408000,   0.00040,
,,,0.000026412000,   0.00040,
,,,0.000026416000,   0.00040,
,,,0.000026420000,   0.00040,
,,,0.000026424000,   0.00040,
,,,0.000026428000,   0.00040,
,,,0.000026432000,   0.00040,
,,,0.000026436000,   0.00020,
,,,0.000026440000,   0.00040,
,,,0.000026444000,   0.00020,
,,,0.000026448000,   0.00020,
,,,0.000026452000,   0.00020,
,,,0.000026456000,   0.00020,
,,,0.000026460000,   0.00020,
,,,0.000026464000,   0.00020,
,,,0.000026468000,   0.00020,
,,,0.000026472000,   0.00020,
,,,0.000026476000,   0.00000,
,,,0.000026480000,   0.00000,
,,,0.000026484000,   0.00000,
,,,0.000026488000,   0.00000,
,,,0.000026492000,   0.00000,
,,,0.000026496000,   0.00000,
,,,0.000026500000,   0.00000,
,,,0.000026504000,   0.00000,
,,,0.000026508000,   0.00000,
,,,0.000026512000,   0.00000,
,,,0.000026516000,   0.00000,
,,,0.000026520000,  -0.00020,
,,,0.000026524000,   0.00000,
,,,0.000026528000,  -0.00020,
,,,0.000026532000,  -0.00020,
,,,0.000026536000,  -0.00020,
,,,0.000026540000,  -0.00020,
,,,0.000026544000,  -0.00020,
,,,0.000026548000,  -0.00020,
,,,0.000026552000,  -0.00020,
,,,0.000026556000,  -0.00040,
,,,0.000026560000,  -0.00040,
,,,0.000026564000,  -0.00040,
,,,0.000026568000,  -0.00040,
,,,0.000026572000,  -0.00040,
,,,0.000026576000,  -0.00040,
,,,0.000026580000,  -0.00040,
,,,0.000026584000,  -0.00040,
,,,0.000026588000,  -0.00040,
,,,0.000026592000,  -0.00040,
,,,0.000026596000,  -0.00040,
,,,0.000026600000,  -0.00060,
,,,0.000026604000,  -0.00060,
,,,0.000026608000,  -0.00060,
,,,0.000026612000,  -0.00060,
,,,0.000026616000,  -0.00060,
,,,0.000026620000,  -0.00060,
,,,0.000026624000,  -0.00060,
,,,0.000026628000,  -0.00060,
,,,0.000026632000,  -0.00080,
,,,0.000026636000,  -0.00060,
,,,0.000026640000,  -0.00080,
,,,0.000026644000,  -0.00080,
,,,0.000026648000,  -0.00080,
,,,0.000026652000,  -0.00080,
,,,0.000026656000,  -0.00080,
,,,0.000026660000,  -0.00080,
,,,0.000026664000,  -0.00080,
,,,0.000026668000,  -0.00100,
,,,0.000026672000,  -0.00100,
,,,0.000026676000,  -0.00100,
,,,0.000026680000,  -0.00100,
,,,0.000026684000,  -0.00100,
,,,0.000026688000,  -0.00100,
,,,0.000026692000,  -0.00100,
,,,0.000026696000,  -0.00100,
,,,0.000026700000,  -0.00100,
,,,0.000026704000,  -0.00100,
,,,0.000026708000,  -0.00120,
,,,0.000026712000,  -0.00120,
,,,0.000026716000,  -0.00100,
,,,0.000026720000,  -0.00100,
,,,0.000026724000,  -0.00120,
,,,0.000026728000,  -0.00120,
,,,0.000026732000,  -0.00120,
,,,0.000026736000,  -0.00120,
,,,0.000026740000,  -0.00140,
,,,0.000026744000,  -0.00140,
,,,0.000026748000,  -0.00140,
,,,0.000026752000,  -0.00140,
,,,0.000026756000,  -0.00140,
,,,0.000026760000,  -0.00140,
,,,0.000026764000,  -0.00140,
,,,0.000026768000,  -0.00160,
,,,0.000026772000,  -0.00160,
,,,0.000026776000,  -0.00160,
,,,0.000026780000,  -0.00160,
,,,0.000026784000,  -0.00160,
,,,0.000026788000,  -0.00160,
,,,0.000026792000,  -0.00160,
,,,0.000026796000,  -0.00160,
,,,0.000026800000,  -0.00160,
,,,0.000026804000,  -0.00180,
,,,0.000026808000,  -0.00180,
,,,0.000026812000,  -0.00180,
,,,0.000026816000,  -0.00180,
,,,0.000026820000,  -0.00180,
,,,0.000026824000,  -0.00180,
,,,0.000026828000,  -0.00180,
,,,0.000026832000,  -0.00180,
,,,0.000026836000,  -0.00180,
,,,0.000026840000,  -0.00200,
,,,0.000026844000,  -0.00200,
,,,0.000026848000,  -0.00200,
,,,0.000026852000,  -0.00200,
,,,0.000026856000,  -0.00200,
,,,0.000026860000,  -0.00200,
,,,0.000026864000,  -0.00220,
,,,0.000026868000,  -0.00220,
,,,0.000026872000,  -0.00220,
,,,0.000026876000,  -0.00220,
,,,0.000026880000,  -0.00220,
,,,0.000026884000,  -0.00220,
,,,0.000026888000,  -0.00240,
,,,0.000026892000,  -0.00240,
,,,0.000026896000,  -0.00240,
,,,0.000026900000,  -0.00240,
,,,0.000026904000,  -0.00240,
,,,0.000026908000,  -0.00240,
,,,0.000026912000,  -0.00240,
,,,0.000026916000,  -0.00240,
,,,0.000026920000,  -0.00240,
,,,0.000026924000,  -0.00260,
,,,0.000026928000,  -0.00260,
,,,0.000026932000,  -0.00240,
,,,0.000026936000,  -0.00260,
,,,0.000026940000,  -0.00260,
,,,0.000026944000,  -0.00260,
,,,0.000026948000,  -0.00260,
,,,0.000026952000,  -0.00260,
,,,0.000026956000,  -0.00260,
,,,0.000026960000,  -0.00280,
,,,0.000026964000,  -0.00280,
,,,0.000026968000,  -0.00280,
,,,0.000026972000,  -0.00280,
,,,0.000026976000,  -0.00280,
,,,0.000026980000,  -0.00280,
,,,0.000026984000,  -0.00280,
,,,0.000026988000,  -0.00280,
,,,0.000026992000,  -0.00300,
,,,0.000026996000,  -0.00280,
,,,0.000027000000,  -0.00300,
,,,0.000027004000,  -0.00280,
,,,0.000027008000,  -0.00300,
,,,0.000027012000,  -0.00300,
,,,0.000027016000,  -0.00280,
,,,0.000027020000,  -0.00280,
,,,0.000027024000,  -0.00280,
,,,0.000027028000,  -0.00280,
,,,0.000027032000,  -0.00280,
,,,0.000027036000,  -0.00280,
,,,0.000027040000,  -0.00280,
,,,0.000027044000,  -0.00280,
,,,0.000027048000,  -0.00280,
,,,0.000027052000,  -0.00280,
,,,0.000027056000,  -0.00280,
,,,0.000027060000,  -0.00280,
,,,0.000027064000,  -0.00280,
,,,0.000027068000,  -0.00280,
,,,0.000027072000,  -0.00260,
,,,0.000027076000,  -0.00260,
,,,0.000027080000,  -0.00280,
,,,0.000027084000,  -0.00280,
,,,0.000027088000,  -0.00280,
,,,0.000027092000,  -0.00260,
,,,0.000027096000,  -0.00260,
,,,0.000027100000,  -0.00260,
,,,0.000027104000,  -0.00260,
,,,0.000027108000,  -0.00260,
,,,0.000027112000,  -0.00260,
,,,0.000027116000,  -0.00240,
,,,0.000027120000,  -0.00240,
,,,0.000027124000,  -0.00260,
,,,0.000027128000,  -0.00240,
,,,0.000027132000,  -0.00240,
,,,0.000027136000,  -0.00240,
,,,0.000027140000,  -0.00220,
,,,0.000027144000,  -0.00220,
,,,0.000027148000,  -0.00220,
,,,0.000027152000,  -0.00220,
,,,0.000027156000,  -0.00220,
,,,0.000027160000,  -0.00220,
,,,0.000027164000,  -0.00220,
,,,0.000027168000,  -0.00220,
,,,0.000027172000,  -0.00220,
,,,0.000027176000,  -0.00200,
,,,0.000027180000,  -0.00200,
,,,0.000027184000,  -0.00200,
,,,0.000027188000,  -0.00200,
,,,0.000027192000,  -0.00200,
,,,0.000027196000,  -0.00200,
,,,0.000027200000,  -0.00200,
,,,0.000027204000,  -0.00200,
,,,0.000027208000,  -0.00180,
,,,0.000027212000,  -0.00180,
,,,0.000027216000,  -0.00180,
,,,0.000027220000,  -0.00180,
,,,0.000027224000,  -0.00180,
,,,0.000027228000,  -0.00160,
,,,0.000027232000,  -0.00160,
,,,0.000027236000,  -0.00160,
,,,0.000027240000,  -0.00160,
,,,0.000027244000,  -0.00160,
,,,0.000027248000,  -0.00140,
,,,0.000027252000,  -0.00140,
,,,0.000027256000,  -0.00120,
,,,0.000027260000,  -0.00140,
,,,0.000027264000,  -0.00140,
,,,0.000027268000,  -0.00140,
,,,0.000027272000,  -0.00140,
,,,0.000027276000,  -0.00140,
,,,0.000027280000,  -0.00140,
,,,0.000027284000,  -0.00120,
,,,0.000027288000,  -0.00120,
,,,0.000027292000,  -0.00120,
,,,0.000027296000,  -0.00120,
,,,0.000027300000,  -0.00120,
,,,0.000027304000,  -0.00100,
,,,0.000027308000,  -0.00100,
,,,0.000027312000,  -0.00100,
,,,0.000027316000,  -0.00100,
,,,0.000027320000,  -0.00100,
,,,0.000027324000,  -0.00080,
,,,0.000027328000,  -0.00080,
,,,0.000027332000,  -0.00080,
,,,0.000027336000,  -0.00060,
,,,0.000027340000,  -0.00060,
,,,0.000027344000,  -0.00080,
,,,0.000027348000,  -0.00060,
,,,0.000027352000,  -0.00060,
,,,0.000027356000,  -0.00060,
,,,0.000027360000,  -0.00040,
,,,0.000027364000,  -0.00060,
,,,0.000027368000,  -0.00040,
,,,0.000027372000,  -0.00040,
,,,0.000027376000,  -0.00040,
,,,0.000027380000,  -0.00040,
,,,0.000027384000,  -0.00040,
,,,0.000027388000,  -0.00040,
,,,0.000027392000,  -0.00020,
,,,0.000027396000,  -0.00020,
,,,0.000027400000,  -0.00020,
,,,0.000027404000,  -0.00020,
,,,0.000027408000,  -0.00020,
,,,0.000027412000,   0.00000,
,,,0.000027416000,   0.00000,
,,,0.000027420000,   0.00000,
,,,0.000027424000,   0.00000,
,,,0.000027428000,   0.00000,
,,,0.000027432000,   0.00000,
,,,0.000027436000,   0.00000,
,,,0.000027440000,   0.00020,
,,,0.000027444000,   0.00040,
,,,0.000027448000,   0.00020,
,,,0.000027452000,   0.00020,
,,,0.000027456000,   0.00020,
,,,0.000027460000,   0.00040,
,,,0.000027464000,   0.00040,
,,,0.000027468000,   0.00040,
,,,0.000027472000,   0.00040,
,,,0.000027476000,   0.00060,
,,,0.000027480000,   0.00060,
,,,0.000027484000,   0.00060,
,,,0.000027488000,   0.00060,
,,,0.000027492000,   0.00060,
,,,0.000027496000,   0.00060,
,,,0.000027500000,   0.00080,
,,,0.000027504000,   0.00060,
,,,0.000027508000,   0.00060,
,,,0.000027512000,   0.00060,
,,,0.000027516000,   0.00080,
,,,0.000027520000,   0.00080,
,,,0.000027524000,   0.00080,
,,,0.000027528000,   0.00080,
,,,0.000027532000,   0.00080,
,,,0.000027536000,   0.00080,
,,,0.000027540000,   0.00080,
,,,0.000027544000,   0.00100,
,,,0.000027548000,   0.00100,
,,,0.000027552000,   0.00100,
,,,0.000027556000,   0.00100,
,,,0.000027560000,   0.00100,
,,,0.000027564000,   0.00100,
,,,0.000027568000,   0.00100,
,,,0.000027572000,   0.00100,
,,,0.000027576000,   0.00120,
,,,0.000027580000,   0.00100,
,,,0.000027584000,   0.00120,
,,,0.000027588000,   0.00120,
,,,0.000027592000,   0.00120,
,,,0.000027596000,   0.00120,
,,,0.000027600000,   0.00120,
,,,0.000027604000,   0.00120,
,,,0.000027608000,   0.00120,
,,,0.000027612000,   0.00120,
,,,0.000027616000,   0.00120,
,,,0.000027620000,   0.00120,
,,,0.000027624000,   0.00120,
,,,0.000027628000,   0.00140,
,,,0.000027632000,   0.00140,
,,,0.000027636000,   0.00140,
,,,0.000027640000,   0.00120,
,,,0.000027644000,   0.00140,
,,,0.000027648000,   0.00140,
,,,0.000027652000,   0.00140,
,,,0.000027656000,   0.00140,
,,,0.000027660000,   0.00140,
,,,0.000027664000,   0.00140,
,,,0.000027668000,   0.00140,
,,,0.000027672000,   0.00140,
,,,0.000027676000,   0.00140,
,,,0.000027680000,   0.00140,
,,,0.000027684000,   0.00140,
,,,0.000027688000,   0.00160,
,,,0.000027692000,   0.00140,
,,,0.000027696000,   0.00140,
,,,0.000027700000,   0.00160,
,,,0.000027704000,   0.00160,
,,,0.000027708000,   0.00160,
,,,0.000027712000,   0.00140,
,,,0.000027716000,   0.00160,
,,,0.000027720000,   0.00160,
,,,0.000027724000,   0.00160,
,,,0.000027728000,   0.00160,
,,,0.000027732000,   0.00160,
,,,0.000027736000,   0.00160,
,,,0.000027740000,   0.00160,
,,,0.000027744000,   0.00160,
,,,0.000027748000,   0.00180,
,,,0.000027752000,   0.00160,
,,,0.000027756000,   0.00160,
,,,0.000027760000,   0.00180,
,,,0.000027764000,   0.00200,
,,,0.000027768000,   0.00200,
,,,0.000027772000,   0.00200,
,,,0.000027776000,   0.00200,
,,,0.000027780000,   0.00200,
,,,0.000027784000,   0.00200,
,,,0.000027788000,   0.00220,
,,,0.000027792000,   0.00220,
,,,0.000027796000,   0.00220,
,,,0.000027800000,   0.00220,
,,,0.000027804000,   0.00240,
,,,0.000027808000,   0.00240,
,,,0.000027812000,   0.00260,
,,,0.000027816000,   0.00260,
,,,0.000027820000,   0.00260,
,,,0.000027824000,   0.00260,
,,,0.000027828000,   0.00260,
,,,0.000027832000,   0.00280,
,,,0.000027836000,   0.00280,
,,,0.000027840000,   0.00280,
,,,0.000027844000,   0.00300,
,,,0.000027848000,   0.00300,
,,,0.000027852000,   0.00300,
,,,0.000027856000,   0.00320,
,,,0.000027860000,   0.00320,
,,,0.000027864000,   0.00340,
,,,0.000027868000,   0.00340,
,,,0.000027872000,   0.00340,
,,,0.000027876000,   0.00360,
,,,0.000027880000,   0.00360,
,,,0.000027884000,   0.00380,
,,,0.000027888000,   0.00380,
,,,0.000027892000,   0.00380,
,,,0.000027896000,   0.00380,
,,,0.000027900000,   0.00400,
,,,0.000027904000,   0.00400,
,,,0.000027908000,   0.00400,
,,,0.000027912000,   0.00420,
,,,0.000027916000,   0.00420,
,,,0.000027920000,   0.00420,
,,,0.000027924000,   0.00420,
,,,0.000027928000,   0.00420,
,,,0.000027932000,   0.00440,
,,,0.000027936000,   0.00440,
,,,0.000027940000,   0.00440,
,,,0.000027944000,   0.00440,
,,,0.000027948000,   0.00460,
,,,0.000027952000,   0.00460,
,,,0.000027956000,   0.00460,
,,,0.000027960000,   0.00460,
,,,0.000027964000,   0.00460,
,,,0.000027968000,   0.00460,
,,,0.000027972000,   0.00460,
,,,0.000027976000,   0.00460,
,,,0.000027980000,   0.00460,
,,,0.000027984000,   0.00460,
,,,0.000027988000,   0.00460,
,,,0.000027992000,   0.00460,
,,,0.000027996000,   0.00460,
,,,0.000028000000,   0.00460,
,,,0.000028004000,   0.00460,
,,,0.000028008000,   0.00460,
,,,0.000028012000,   0.00460,
,,,0.000028016000,   0.00460,
,,,0.000028020000,   0.00460,
,,,0.000028024000,   0.00440,
,,,0.000028028000,   0.00440,
,,,0.000028032000,   0.00440,
,,,0.000028036000,   0.00440,
,,,0.000028040000,   0.00440,
,,,0.000028044000,   0.00440,
,,,0.000028048000,   0.00440,
,,,0.000028052000,   0.00440,
,,,0.000028056000,   0.00440,
,,,0.000028060000,   0.00440,
,,,0.000028064000,   0.00440,
,,,0.000028068000,   0.00440,
,,,0.000028072000,   0.00440,
,,,0.000028076000,   0.00440,
,,,0.000028080000,   0.00440,
,,,0.000028084000,   0.00440,
,,,0.000028088000,   0.00440,
,,,0.000028092000,   0.00440,
,,,0.000028096000,   0.00440,
,,,0.000028100000,   0.00440,
,,,0.000028104000,   0.00460,
,,,0.000028108000,   0.00460,
,,,0.000028112000,   0.00460,
,,,0.000028116000,   0.00460,
,,,0.000028120000,   0.00460,
,,,0.000028124000,   0.00460,
,,,0.000028128000,   0.00480,
,,,0.000028132000,   0.00480,
,,,0.000028136000,   0.00480,
,,,0.000028140000,   0.00500,
,,,0.000028144000,   0.00500,
,,,0.000028148000,   0.00500,
,,,0.000028152000,   0.00500,
,,,0.000028156000,   0.00520,
,,,0.000028160000,   0.00540,
,,,0.000028164000,   0.00540,
,,,0.000028168000,   0.00560,
,,,0.000028172000,   0.00560,
,,,0.000028176000,   0.00560,
,,,0.000028180000,   0.00580,
,,,0.000028184000,   0.00600,
,,,0.000028188000,   0.00600,
,,,0.000028192000,   0.00600,
,,,0.000028196000,   0.00620,
,,,0.000028200000,   0.00620,
,,,0.000028204000,   0.00640,
,,,0.000028208000,   0.00640,
,,,0.000028212000,   0.00660,
,,,0.000028216000,   0.00660,
,,,0.000028220000,   0.00680,
,,,0.000028224000,   0.00700,
,,,0.000028228000,   0.00700,
,,,0.000028232000,   0.00720,
,,,0.000028236000,   0.00720,
,,,0.000028240000,   0.00740,
,,,0.000028244000,   0.00740,
,,,0.000028248000,   0.00740,
,,,0.000028252000,   0.00760,
,,,0.000028256000,   0.00760,
,,,0.000028260000,   0.00760,
,,,0.000028264000,   0.00780,
,,,0.000028268000,   0.00800,
,,,0.000028272000,   0.00820,
,,,0.000028276000,   0.00820,
,,,0.000028280000,   0.00840,
,,,0.000028284000,   0.00840,
,,,0.000028288000,   0.00860,
,,,0.000028292000,   0.00860,
,,,0.000028296000,   0.00880,
,,,0.000028300000,   0.00880,
,,,0.000028304000,   0.00900,
,,,0.000028308000,   0.00900,
,,,0.000028312000,   0.00900,
,,,0.000028316000,   0.00920,
,,,0.000028320000,   0.00920,
,,,0.000028324000,   0.00920,
,,,0.000028328000,   0.00920,
,,,0.000028332000,   0.00940,
,,,0.000028336000,   0.00940,
,,,0.000028340000,   0.00940,
,,,0.000028344000,   0.00960,
,,,0.000028348000,   0.00960,
,,,0.000028352000,   0.00960,
,,,0.000028356000,   0.00960,
,,,0.000028360000,   0.00960,
,,,0.000028364000,   0.00980,
,,,0.000028368000,   0.00980,
,,,0.000028372000,   0.00980,
,,,0.000028376000,   0.00980,
,,,0.000028380000,   0.01000,
,,,0.000028384000,   0.01000,
,,,0.000028388000,   0.01000,
,,,0.000028392000,   0.01000,
,,,0.000028396000,   0.01000,
,,,0.000028400000,   0.01000,
,,,0.000028404000,   0.01000,
,,,0.000028408000,   0.01000,
,,,0.000028412000,   0.01000,
,,,0.000028416000,   0.01000,
,,,0.000028420000,   0.01000,
,,,0.000028424000,   0.01000,
,,,0.000028428000,   0.01000,
,,,0.000028432000,   0.01000,
,,,0.000028436000,   0.01000,
,,,0.000028440000,   0.01000,
,,,0.000028444000,   0.01000,
,,,0.000028448000,   0.01000,
,,,0.000028452000,   0.01000,
,,,0.000028456000,   0.00980,
,,,0.000028460000,   0.01000,
,,,0.000028464000,   0.00980,
,,,0.000028468000,   0.00980,
,,,0.000028472000,   0.00980,
,,,0.000028476000,   0.00980,
,,,0.000028480000,   0.00980,
,,,0.000028484000,   0.00980,
,,,0.000028488000,   0.00960,
,,,0.000028492000,   0.00960,
,,,0.000028496000,   0.00960,
,,,0.000028500000,   0.00940,
,,,0.000028504000,   0.00940,
,,,0.000028508000,   0.00940,
,,,0.000028512000,   0.00940,
,,,0.000028516000,   0.00940,
,,,0.000028520000,   0.00940,
,,,0.000028524000,   0.00920,
,,,0.000028528000,   0.00920,
,,,0.000028532000,   0.00920,
,,,0.000028536000,   0.00900,
,,,0.000028540000,   0.00880,
,,,0.000028544000,   0.00900,
,,,0.000028548000,   0.00900,
,,,0.000028552000,   0.00880,
,,,0.000028556000,   0.00880,
,,,0.000028560000,   0.00860,
,,,0.000028564000,   0.00860,
,,,0.000028568000,   0.00840,
,,,0.000028572000,   0.00840,
,,,0.000028576000,   0.00840,
,,,0.000028580000,   0.00820,
,,,0.000028584000,   0.00820,
,,,0.000028588000,   0.00800,
,,,0.000028592000,   0.00800,
,,,0.000028596000,   0.00800,
,,,0.000028600000,   0.00780,
,,,0.000028604000,   0.00780,
,,,0.000028608000,   0.00760,
,,,0.000028612000,   0.00740,
,,,0.000028616000,   0.00740,
,,,0.000028620000,   0.00720,
,,,0.000028624000,   0.00720,
,,,0.000028628000,   0.00720,
,,,0.000028632000,   0.00700,
,,,0.000028636000,   0.00700,
,,,0.000028640000,   0.00680,
,,,0.000028644000,   0.00660,
,,,0.000028648000,   0.00660,
,,,0.000028652000,   0.00640,
,,,0.000028656000,   0.00640,
,,,0.000028660000,   0.00620,
,,,0.000028664000,   0.00620,
,,,0.000028668000,   0.00600,
,,,0.000028672000,   0.00580,
,,,0.000028676000,   0.00560,
,,,0.000028680000,   0.00560,
,,,0.000028684000,   0.00540,
,,,0.000028688000,   0.00520,
,,,0.000028692000,   0.00500,
,,,0.000028696000,   0.00480,
,,,0.000028700000,   0.00460,
,,,0.000028704000,   0.00440,
,,,0.000028708000,   0.00420,
,,,0.000028712000,   0.00400,
,,,0.000028716000,   0.00380,
,,,0.000028720000,   0.00360,
,,,0.000028724000,   0.00340,
,,,0.000028728000,   0.00300,
,,,0.000028732000,   0.00280,
,,,0.000028736000,   0.00260,
,,,0.000028740000,   0.00240,
,,,0.000028744000,   0.00220,
,,,0.000028748000,   0.00180,
,,,0.000028752000,   0.00160,
,,,0.000028756000,   0.00120,
,,,0.000028760000,   0.00100,
,,,0.000028764000,   0.00080,
,,,0.000028768000,   0.00040,
,,,0.000028772000,   0.00020,
,,,0.000028776000,  -0.00020,
,,,0.000028780000,  -0.00060,
,,,0.000028784000,  -0.00100,
,,,0.000028788000,  -0.00120,
,,,0.000028792000,  -0.00160,
,,,0.000028796000,  -0.00200,
,,,0.000028800000,  -0.00240,
,,,0.000028804000,  -0.00280,
,,,0.000028808000,  -0.00300,
,,,0.000028812000,  -0.00360,
,,,0.000028816000,  -0.00400,
,,,0.000028820000,  -0.00440,
,,,0.000028824000,  -0.00480,
,,,0.000028828000,  -0.00520,
,,,0.000028832000,  -0.00560,
,,,0.000028836000,  -0.00620,
,,,0.000028840000,  -0.00660,
,,,0.000028844000,  -0.00700,
,,,0.000028848000,  -0.00760,
,,,0.000028852000,  -0.00820,
,,,0.000028856000,  -0.00860,
,,,0.000028860000,  -0.00900,
,,,0.000028864000,  -0.00960,
,,,0.000028868000,  -0.01020,
,,,0.000028872000,  -0.01060,
,,,0.000028876000,  -0.01120,
,,,0.000028880000,  -0.01180,
,,,0.000028884000,  -0.01240,
,,,0.000028888000,  -0.01300,
,,,0.000028892000,  -0.01360,
,,,0.000028896000,  -0.01420,
,,,0.000028900000,  -0.01460,
,,,0.000028904000,  -0.01540,
,,,0.000028908000,  -0.01580,
,,,0.000028912000,  -0.01660,
,,,0.000028916000,  -0.01720,
,,,0.000028920000,  -0.01780,
,,,0.000028924000,  -0.01840,
,,,0.000028928000,  -0.01900,
,,,0.000028932000,  -0.01940,
,,,0.000028936000,  -0.02000,
,,,0.000028940000,  -0.02060,
,,,0.000028944000,  -0.02120,
,,,0.000028948000,  -0.02180,
,,,0.000028952000,  -0.02220,
,,,0.000028956000,  -0.02280,
,,,0.000028960000,  -0.02320,
,,,0.000028964000,  -0.02360,
,,,0.000028968000,  -0.02400,
,,,0.000028972000,  -0.02440,
,,,0.000028976000,  -0.02480,
,,,0.000028980000,  -0.02480,
,,,0.000028984000,  -0.02500,
,,,0.000028988000,  -0.02520,
,,,0.000028992000,  -0.02520,
,,,0.000028996000,  -0.02540,
,,,0.000029000000,  -0.02540,
,,,0.000029004000,  -0.02540,
,,,0.000029008000,  -0.02540,
,,,0.000029012000,  -0.02540,
,,,0.000029016000,  -0.02540,
,,,0.000029020000,  -0.02540,
,,,0.000029024000,  -0.02540,
,,,0.000029028000,  -0.02540,
,,,0.000029032000,  -0.02540,
,,,0.000029036000,  -0.02540,
,,,0.000029040000,  -0.02540,
,,,0.000029044000,  -0.02540,
,,,0.000029048000,  -0.02540,
,,,0.000029052000,  -0.02540,
,,,0.000029056000,  -0.02540,
,,,0.000029060000,  -0.02540,
,,,0.000029064000,  -0.02540,
,,,0.000029068000,  -0.02540,
,,,0.000029072000,  -0.02540,
,,,0.000029076000,  -0.02540,
,,,0.000029080000,  -0.02540,
,,,0.000029084000,  -0.02540,
,,,0.000029088000,  -0.02540,
,,,0.000029092000,  -0.02540,
,,,0.000029096000,  -0.02540,
,,,0.000029100000,  -0.02540,
,,,0.000029104000,  -0.02540,
,,,0.000029108000,  -0.02540,
,,,0.000029112000,  -0.02540,
,,,0.000029116000,  -0.02540,
,,,0.000029120000,  -0.02540,
,,,0.000029124000,  -0.02540,
,,,0.000029128000,  -0.02540,
,,,0.000029132000,  -0.02540,
,,,0.000029136000,  -0.02540,
,,,0.000029140000,  -0.02540,
,,,0.000029144000,  -0.02540,
,,,0.000029148000,  -0.02540,
,,,0.000029152000,  -0.02540,
,,,0.000029156000,  -0.02540,
,,,0.000029160000,  -0.02540,
,,,0.000029164000,  -0.02540,
,,,0.000029168000,  -0.02540,
,,,0.000029172000,  -0.02540,
,,,0.000029176000,  -0.02540,
,,,0.000029180000,  -0.02540,
,,,0.000029184000,  -0.02540,
,,,0.000029188000,  -0.02540,
,,,0.000029192000,  -0.02540,
,,,0.000029196000,  -0.02540,
,,,0.000029200000,  -0.02540,
,,,0.000029204000,  -0.02540,
,,,0.000029208000,  -0.02540,
,,,0.000029212000,  -0.02540,
,,,0.000029216000,  -0.02540,
,,,0.000029220000,  -0.02540,
,,,0.000029224000,  -0.02540,
,,,0.000029228000,  -0.02540,
,,,0.000029232000,  -0.02540,
,,,0.000029236000,  -0.02540,
,,,0.000029240000,  -0.02540,
,,,0.000029244000,  -0.02540,
,,,0.000029248000,  -0.02540,
,,,0.000029252000,  -0.02540,
,,,0.000029256000,  -0.02540,
,,,0.000029260000,  -0.02540,
,,,0.000029264000,  -0.02540,
,,,0.000029268000,  -0.02540,
,,,0.000029272000,  -0.02540,
,,,0.000029276000,  -0.02540,
,,,0.000029280000,  -0.02540,
,,,0.000029284000,  -0.02540,
,,,0.000029288000,  -0.02540,
,,,0.000029292000,  -0.02540,
,,,0.000029296000,  -0.02540,
,,,0.000029300000,  -0.02540,
,,,0.000029304000,  -0.02540,
,,,0.000029308000,  -0.02540,
,,,0.000029312000,  -0.02540,
,,,0.000029316000,  -0.02520,
,,,0.000029320000,  -0.02500,
,,,0.000029324000,  -0.02480,
,,,0.000029328000,  -0.02460,
,,,0.000029332000,  -0.02440,
,,,0.000029336000,  -0.02400,
,,,0.000029340000,  -0.02380,
,,,0.000029344000,  -0.02340,
,,,0.000029348000,  -0.02280,
,,,0.000029352000,  -0.02220,
,,,0.000029356000,  -0.02160,
,,,0.000029360000,  -0.02100,
,,,0.000029364000,  -0.02040,
,,,0.000029368000,  -0.01960,
,,,0.000029372000,  -0.01880,
,,,0.000029376000,  -0.01800,
,,,0.000029380000,  -0.01740,
,,,0.000029384000,  -0.01660,
,,,0.000029388000,  -0.01580,
,,,0.000029392000,  -0.01500,
,,,0.000029396000,  -0.01420,
,,,0.000029400000,  -0.01340,
,,,0.000029404000,  -0.01280,
,,,0.000029408000,  -0.01180,
,,,0.000029412000,  -0.01100,
,,,0.000029416000,  -0.01020,
,,,0.000029420000,  -0.00940,
,,,0.000029424000,  -0.00860,
,,,0.000029428000,  -0.00780,
,,,0.000029432000,  -0.00700,
,,,0.000029436000,  -0.00640,
,,,0.000029440000,  -0.00560,
,,,0.000029444000,  -0.00460,
,,,0.000029448000,  -0.00400,
,,,0.000029452000,  -0.00320,
,,,0.000029456000,  -0.00240,
,,,0.000029460000,  -0.00180,
,,,0.000029464000,  -0.00100,
,,,0.000029468000,  -0.00040,
,,,0.000029472000,   0.00040,
,,,0.000029476000,   0.00100,
,,,0.000029480000,   0.00180,
,,,0.000029484000,   0.00240,
,,,0.000029488000,   0.00300,
,,,0.000029492000,   0.00360,
,,,0.000029496000,   0.00420,
,,,0.000029500000,   0.00480,
,,,0.000029504000,   0.00520,
,,,0.000029508000,   0.00580,
,,,0.000029512000,   0.00620,
,,,0.000029516000,   0.00660,
,,,0.000029520000,   0.00700,
,,,0.000029524000,   0.00740,
,,,0.000029528000,   0.00780,
,,,0.000029532000,   0.00820,
,,,0.000029536000,   0.00840,
,,,0.000029540000,   0.00880,
,,,0.000029544000,   0.00900,
,,,0.000029548000,   0.00940,
,,,0.000029552000,   0.00960,
,,,0.000029556000,   0.00980,
,,,0.000029560000,   0.01000,
,,,0.000029564000,   0.01020,
,,,0.000029568000,   0.01040,
,,,0.000029572000,   0.01060,
,,,0.000029576000,   0.01060,
,,,0.000029580000,   0.01080,
,,,0.000029584000,   0.01080,
,,,0.000029588000,   0.01100,
,,,0.000029592000,   0.01100,
,,,0.000029596000,   0.01100,
,,,0.000029600000,   0.01120,
,,,0.000029604000,   0.01120,
,,,0.000029608000,   0.01120,
,,,0.000029612000,   0.01120,
,,,0.000029616000,   0.01140,
,,,0.000029620000,   0.01140,
,,,0.000029624000,   0.01140,
,,,0.000029628000,   0.01140,
,,,0.000029632000,   0.01140,
,,,0.000029636000,   0.01140,
,,,0.000029640000,   0.01140,
,,,0.000029644000,   0.01140,
,,,0.000029648000,   0.01140,
,,,0.000029652000,   0.01140,
,,,0.000029656000,   0.01120,
,,,0.000029660000,   0.01140,
,,,0.000029664000,   0.01120,
,,,0.000029668000,   0.01120,
,,,0.000029672000,   0.01120,
,,,0.000029676000,   0.01120,
,,,0.000029680000,   0.01120,
,,,0.000029684000,   0.01100,
,,,0.000029688000,   0.01100,
,,,0.000029692000,   0.01080,
,,,0.000029696000,   0.01080,
,,,0.000029700000,   0.01080,
,,,0.000029704000,   0.01080,
,,,0.000029708000,   0.01080,
,,,0.000029712000,   0.01060,
,,,0.000029716000,   0.01040,
,,,0.000029720000,   0.01040,
,,,0.000029724000,   0.01040,
,,,0.000029728000,   0.01040,
,,,0.000029732000,   0.01020,
,,,0.000029736000,   0.01020,
,,,0.000029740000,   0.01020,
,,,0.000029744000,   0.01020,
,,,0.000029748000,   0.01020,
,,,0.000029752000,   0.01000,
,,,0.000029756000,   0.01000,
,,,0.000029760000,   0.01000,
,,,0.000029764000,   0.01000,
,,,0.000029768000,   0.01000,
,,,0.000029772000,   0.01000,
,,,0.000029776000,   0.01000,
,,,0.000029780000,   0.01000,
,,,0.000029784000,   0.01000,
,,,0.000029788000,   0.01000,
,,,0.000029792000,   0.01000,
,,,0.000029796000,   0.01020,
,,,0.000029800000,   0.01020,
,,,0.000029804000,   0.01020,
,,,0.000029808000,   0.01040,
,,,0.000029812000,   0.01040,
,,,0.000029816000,   0.01060,
,,,0.000029820000,   0.01060,
,,,0.000029824000,   0.01080,
,,,0.000029828000,   0.01080,
,,,0.000029832000,   0.01100,
,,,0.000029836000,   0.01100,
,,,0.000029840000,   0.01120,
,,,0.000029844000,   0.01140,
,,,0.000029848000,   0.01140,
,,,0.000029852000,   0.01160,
,,,0.000029856000,   0.01180,
,,,0.000029860000,   0.01200,
,,,0.000029864000,   0.01200,
,,,0.000029868000,   0.01220,
,,,0.000029872000,   0.01240,
,,,0.000029876000,   0.01260,
,,,0.000029880000,   0.01280,
,,,0.000029884000,   0.01300,
,,,0.000029888000,   0.01320,
,,,0.000029892000,   0.01340,
,,,0.000029896000,   0.01360,
,,,0.000029900000,   0.01380,
,,,0.000029904000,   0.01400,
,,,0.000029908000,   0.01420,
,,,0.000029912000,   0.01440,
,,,0.000029916000,   0.01480,
,,,0.000029920000,   0.01500,
,,,0.000029924000,   0.01500,
,,,0.000029928000,   0.01540,
,,,0.000029932000,   0.01560,
,,,0.000029936000,   0.01580,
,,,0.000029940000,   0.01600,
,,,0.000029944000,   0.01620,
,,,0.000029948000,   0.01640,
,,,0.000029952000,   0.01660,
,,,0.000029956000,   0.01680,
,,,0.000029960000,   0.01700,
,,,0.000029964000,   0.01720,
,,,0.000029968000,   0.01740,
,,,0.000029972000,   0.01760,
,,,0.000029976000,   0.01760,
,,,0.000029980000,   0.01780,
,,,0.000029984000,   0.01800,
,,,0.000029988000,   0.01800,
,,,0.000029992000,   0.01820,
,,,0.000029996000,   0.01840,
,,,0.000030000000,   0.01860,
,,,0.000030004000,   0.01860,
,,,0.000030008000,   0.01860,
,,,0.000030012000,   0.01880,
,,,0.000030016000,   0.01880,
,,,0.000030020000,   0.01900,
,,,0.000030024000,   0.01900,
,,,0.000030028000,   0.01920,
,,,0.000030032000,   0.01920,
,,,0.000030036000,   0.01940,
,,,0.000030040000,   0.01940,
,,,0.000030044000,   0.01940,
,,,0.000030048000,   0.01940,
,,,0.000030052000,   0.01960,
,,,0.000030056000,   0.01960,
,,,0.000030060000,   0.01940,
,,,0.000030064000,   0.01960,
,,,0.000030068000,   0.01960,
,,,0.000030072000,   0.01960,
,,,0.000030076000,   0.01960,
,,,0.000030080000,   0.01980,
,,,0.000030084000,   0.01960,
,,,0.000030088000,   0.01960,
,,,0.000030092000,   0.01960,
,,,0.000030096000,   0.01980,
